[2 0 ],3,[1 0 ],3,[1 0 ],3,[1 0 ],3,[1 0 ],3,[1 8 8 3 9 5 1 1 7 0 ],11,[2 0 5 4 1 5 0 9 2 0 ],11,[2 9 4 0 8 1 8 1 3 0 ],11,[3 5 9 9 8 1 0 4 9 0 ],11,[5 1 8 3 9 1 3 1 2 0 ],11,[10 14 2 12 3 17 2 3 18 12 15 12 6 7 10 10 12 0 ],19,[15 1 7 12 2 18 13 8 16 13 0 12 11 8 2 7 5 0 ],19,[10 5 13 4 9 13 10 8 3 17 10 15 13 15 0 10 12 0 ],19,[5 18 2 10 3 18 7 18 18 3 8 5 2 11 1 1 10 0 ],19,[14 5 11 12 3 4 4 1 13 4 0 4 14 3 12 14 16 0 ],19,1,1,89460,29692,9972,3292,1116,364,126,40,16,6,
[2 0 ],3,1,1,66660,28430,12062,5116,2146,906,372,158,62,28,10,6,
[1 0 ],3,1,1,35384,15110,6418,2728,1146,486,200,86,34,16,6,
[1 0 ],3,1,1,66660,28430,12062,5116,2146,906,372,158,62,28,10,6,
[1 0 ],3,1,1,35384,15110,6418,2728,1146,486,200,86,34,16,6,
[1 0 ],3,1,1,39874,11562,2564,814,158,60,10,6,
[1 8 8 3 9 5 1 1 7 0 ],11,1,1,88432,12608,1162,180,20,6,
[2 0 5 4 1 5 0 9 2 0 ],11,1,1,88432,12608,1162,180,20,6,
[2 9 4 0 8 1 8 1 3 0 ],11,1,1,33384,6180,630,132,16,6,
[3 5 9 9 8 1 0 4 9 0 ],11,1,1,26540,2290,252,26,6,
[5 1 8 3 9 1 3 1 2 0 ],11,1,1,222984,22080,5304,450,132,12,6,
[10 14 2 12 3 17 2 3 18 12 15 12 6 7 10 10 12 0 ],19,1,1,11886,624,48,6,
[15 1 7 12 2 18 13 8 16 13 0 12 11 8 2 7 5 0 ],19,1,1,222984,22080,5304,450,132,12,6,
[10 5 13 4 9 13 10 8 3 17 10 15 13 15 0 10 12 0 ],19,1,1,96488,16708,1062,212,16,6,
[5 18 2 10 3 18 7 18 18 3 8 5 2 11 1 1 10 0 ],19,1,1,193544,9862,652,38,6,
[14 5 11 12 3 4 4 1 13 4 0 4 14 3 12 14 16 0 ],19,1,3,45848,15016,5144,1648,584,178,68,20,10,
[2 0 ],3,1,3,60024,25842,11054,4760,2014,874,360,162,62,32,10,
[1 0 ],3,1,3,53070,22794,9752,4178,1774,760,318,138,56,26,10,
[1 0 ],3,1,3,39162,16698,7148,3014,1294,532,234,90,44,14,10,
[1 0 ],3,1,3,53070,22794,9752,4178,1774,760,318,138,56,26,10,
[1 0 ],3,1,3,46942,14426,2952,1042,174,80,10,
[1 8 8 3 9 5 1 1 7 0 ],11,1,3,35084,3838,480,56,10,
[2 0 5 4 1 5 0 9 2 0 ],11,1,3,35084,3838,480,56,10,
[2 9 4 0 8 1 8 1 3 0 ],11,1,3,148360,18372,2966,356,64,10,
[3 5 9 9 8 1 0 4 9 0 ],11,1,3,75692,7486,696,74,10,
[5 1 8 3 9 1 3 1 2 0 ],11,1,3,102380,14620,2318,328,56,10,
[10 14 2 12 3 17 2 3 18 12 15 12 6 7 10 10 12 0 ],19,1,3,27902,1744,104,10,
[15 1 7 12 2 18 13 8 16 13 0 12 11 8 2 7 5 0 ],19,1,3,158504,17392,3722,364,92,10,
[10 5 13 4 9 13 10 8 3 17 10 15 13 15 0 10 12 0 ],19,1,3,47460,5062,564,64,10,
[5 18 2 10 3 18 7 18 18 3 8 5 2 11 1 1 10 0 ],19,1,3,36742,1882,128,10,
[14 5 11 12 3 4 4 1 13 4 0 4 14 3 12 14 16 0 ],19,1,5,72092,23764,8060,2620,908,286,104,32,14,
[2 0 ],3,1,5,30478,13086,5628,2402,1034,436,190,78,36,14,
[1 0 ],3,1,5,33526,14388,6210,2642,1148,478,214,84,42,14,
[1 0 ],3,1,5,56848,24382,10482,4464,1922,806,352,142,66,24,14,
[1 0 ],3,1,5,55394,16058,3572,1134,222,84,14,
[1 8 8 3 9 5 1 1 7 0 ],11,1,5,63802,27430,11784,5046,2162,920,394,166,72,30,14,
[1 0 ],3,1,5,60752,8122,804,116,14,
[2 0 5 4 1 5 0 9 2 0 ],11,1,5,57560,6514,780,92,14,
[2 9 4 0 8 1 8 1 3 0 ],11,1,5,197128,27716,3862,548,80,14,
[3 5 9 9 8 1 0 4 9 0 ],11,1,5,124844,12682,1140,122,14,
[5 1 8 3 9 1 3 1 2 0 ],11,1,5,182680,23936,4186,524,100,14,
[10 14 2 12 3 17 2 3 18 12 15 12 6 7 10 10 12 0 ],19,1,5,47122,2876,172,14,
[15 1 7 12 2 18 13 8 16 13 0 12 11 8 2 7 5 0 ],19,1,5,238804,26708,5590,560,136,14,
[10 5 13 4 9 13 10 8 3 17 10 15 13 15 0 10 12 0 ],19,1,5,78212,9062,916,112,14,
[5 18 2 10 3 18 7 18 18 3 8 5 2 11 1 1 10 0 ],19,1,5,49322,3062,168,14,
[14 5 11 12 3 4 4 1 13 4 0 4 14 3 12 14 16 0 ],19,3,1,68388,22764,7620,2532,852,282,96,36,16,
[2 0 ],3,3,1,28430,12062,5116,2146,906,372,158,62,28,10,6,
[1 0 ],3,3,1,35384,15110,6418,2728,1146,486,200,86,34,16,6,
[1 0 ],3,3,1,35384,15110,6418,2728,1146,486,200,86,34,16,6,
[1 0 ],3,3,1,39874,11562,2564,814,158,60,10,6,
[1 8 8 3 9 5 1 1 7 0 ],11,3,1,81512,34598,14618,6152,2570,1070,440,182,74,32,14,
[1 0 ],3,3,1,374616,41016,5094,564,84,18,
[2 0 5 4 1 5 0 9 2 0 ],11,3,1,88432,12608,1162,180,20,6,
[2 9 4 0 8 1 8 1 3 0 ],11,3,1,33384,6180,630,132,16,6,
[3 5 9 9 8 1 0 4 9 0 ],11,3,1,82008,8070,768,90,18,
[5 1 8 3 9 1 3 1 2 0 ],11,3,1,78204,8076,1854,168,48,6,
[10 14 2 12 3 17 2 3 18 12 15 12 6 7 10 10 12 0 ],19,3,1,21242,1288,92,16,
[15 1 7 12 2 18 13 8 16 13 0 12 11 8 2 7 5 0 ],19,3,1,22080,5304,450,132,12,6,
[10 5 13 4 9 13 10 8 3 17 10 15 13 15 0 10 12 0 ],19,3,1,21604,3526,244,48,6,
[5 18 2 10 3 18 7 18 18 3 8 5 2 11 1 1 10 0 ],19,3,1,12722,662,48,6,
[14 5 11 12 3 4 4 1 13 4 0 4 14 3 12 14 16 0 ],19,3,3,136520,45560,15176,5072,1688,566,188,68,26,
[2 0 ],3,3,3,65334,27954,11952,5082,2166,912,390,162,72,30,
[1 0 ],3,3,3,68382,29256,12534,5322,2280,954,414,168,78,30,
[1 0 ],3,3,3,62286,26652,11370,4842,2052,870,366,156,66,30,
[1 0 ],3,3,3,70066,19554,4580,1358,294,100,22,
[1 8 8 3 9 5 1 1 7 0 ],11,3,3,56920,24334,10354,4408,1858,790,328,142,58,28,
[1 0 ],3,3,3,87564,11250,1176,168,26,
[2 0 5 4 1 5 0 9 2 0 ],11,3,3,96408,11382,1308,168,28,
[2 9 4 0 8 1 8 1 3 0 ],11,3,3,354488,47596,7010,940,152,28,
[3 5 9 9 8 1 0 4 9 0 ],11,3,3,75692,7486,696,74,10,
[5 1 8 3 9 1 3 1 2 0 ],11,3,3,42860,9298,896,232,26,
[10 14 2 12 3 17 2 3 18 12 15 12 6 7 10 10 12 0 ],19,3,3,83706,5232,312,30,
[15 1 7 12 2 18 13 8 16 13 0 12 11 8 2 7 5 0 ],19,3,3,363264,46632,8358,1020,204,30,
[10 5 13 4 9 13 10 8 3 17 10 15 13 15 0 10 12 0 ],19,3,3,80876,7186,988,96,22,
[5 18 2 10 3 18 7 18 18 3 8 5 2 11 1 1 10 0 ],19,3,3,89636,5006,314,28,
[14 5 11 12 3 4 4 1 13 4 0 4 14 3 12 14 16 0 ],19,3,5,68356,22732,7612,2524,850,280,100,36,
[2 0 ],3,3,5,83020,35638,15286,6532,2794,1186,508,214,94,40,
[1 0 ],3,3,5,80702,34622,14852,6338,2714,1148,494,206,92,38,
[1 0 ],3,3,5,72288,31002,13254,5664,2406,1026,432,186,78,36,
[1 0 ],3,3,5,139254,37944,9198,2610,600,186,42,
[1 8 8 3 9 5 1 1 7 0 ],11,3,5,77654,33320,14270,6098,2600,1106,470,200,86,38,
[1 0 ],3,3,5,148608,16062,2028,228,38,
[2 0 5 4 1 5 0 9 2 0 ],11,3,5,175872,21150,2364,300,42,
[2 9 4 0 8 1 8 1 3 0 ],11,3,5,61212,10066,1180,216,32,
[3 5 9 9 8 1 0 4 9 0 ],11,3,5,297222,28452,2736,276,36,
[5 1 8 3 9 1 3 1 2 0 ],11,3,5,66264,9750,1500,228,42,
[10 14 2 12 3 17 2 3 18 12 15 12 6 7 10 10 12 0 ],19,3,5,144570,8640,528,42,
[15 1 7 12 2 18 13 8 16 13 0 12 11 8 2 7 5 0 ],19,3,5,77352,15366,1644,372,42,
[10 5 13 4 9 13 10 8 3 17 10 15 13 15 0 10 12 0 ],19,3,5,216812,23954,2556,296,40,
[5 18 2 10 3 18 7 18 18 3 8 5 2 11 1 1 10 0 ],19,3,5,153686,9206,524,42,
[14 5 11 12 3 4 4 1 13 4 0 4 14 3 12 14 16 0 ],19,5,1,122728,40856,13672,4544,1528,506,172,64,28,
[2 0 ],3,5,1,12062,5116,2146,906,372,158,62,28,10,6,
[1 0 ],3,5,1,150692,64088,27168,11460,4816,2008,836,344,144,60,28,
[1 0 ],3,5,1,152906,39436,10286,2638,692,178,50,16,
[1 8 8 3 9 5 1 1 7 0 ],11,5,1,86878,36916,15634,6586,2764,1150,478,196,82,34,16,
[1 0 ],3,5,1,55792,6482,780,112,28,
[2 9 4 0 8 1 8 1 3 0 ],11,5,1,74558,31550,13316,5570,2330,956,398,158,68,26,14,
[1 0 ],3,5,1,166360,21388,3330,428,80,18,
[3 5 9 9 8 1 0 4 9 0 ],11,5,1,111706,10652,1056,124,28,
[5 1 8 3 9 1 3 1 2 0 ],11,5,1,374616,41016,5094,564,84,18,
[2 0 5 4 1 5 0 9 2 0 ],11,5,1,130260,19476,2958,456,84,24,
[10 14 2 12 3 17 2 3 18 12 15 12 6 7 10 10 12 0 ],19,5,1,32454,1860,132,18,
[15 1 7 12 2 18 13 8 16 13 0 12 11 8 2 7 5 0 ],19,5,1,98188,12140,2290,272,64,14,
[10 5 13 4 9 13 10 8 3 17 10 15 13 15 0 10 12 0 ],19,5,1,93332,10238,1124,144,30,
[5 18 2 10 3 18 7 18 18 3 8 5 2 11 1 1 10 0 ],19,5,1,11286,756,54,14,
[14 5 11 12 3 4 4 1 13 4 0 4 14 3 12 14 16 0 ],19,5,3,78988,26212,8812,2908,988,322,112,40,18,
[2 0 ],3,5,3,102508,43838,18710,7956,3378,1426,604,254,110,48,
[1 0 ],3,5,3,111652,47744,20456,8676,3720,1552,676,272,128,48,
[1 0 ],3,5,3,70066,19554,4580,1358,294,100,22,
[1 8 8 3 9 5 1 1 7 0 ],11,5,3,101778,43552,18562,7910,3344,1422,594,256,106,50,
[1 0 ],3,5,3,183400,23210,2460,340,50,
[2 9 4 0 8 1 8 1 3 0 ],11,5,3,100920,43108,18424,7808,3332,1392,600,244,112,44,
[1 0 ],3,5,3,82916,12222,1636,264,48,
[3 5 9 9 8 1 0 4 9 0 ],11,5,3,303538,29036,2808,292,44,
[5 1 8 3 9 1 3 1 2 0 ],11,5,3,159328,19730,2148,292,46,
[2 0 5 4 1 5 0 9 2 0 ],11,5,3,68328,14874,1428,372,42,
[10 14 2 12 3 17 2 3 18 12 15 12 6 7 10 10 12 0 ],19,5,3,118690,7052,448,44,
[15 1 7 12 2 18 13 8 16 13 0 12 11 8 2 7 5 0 ],19,5,3,50196,9966,1080,252,36,
[10 5 13 4 9 13 10 8 3 17 10 15 13 15 0 10 12 0 ],19,5,3,243956,34398,2788,440,48,
[5 18 2 10 3 18 7 18 18 3 8 5 2 11 1 1 10 0 ],19,5,3,155110,9310,540,50,
[14 5 11 12 3 4 4 1 13 4 0 4 14 3 12 14 16 0 ],19,5,5,121184,40576,13448,4528,1490,508,172,66,
[2 0 ],3,5,5,133244,57174,24510,10468,4474,1898,812,342,150,64,
[1 0 ],3,5,5,76194,32748,13974,6006,2532,1098,450,204,78,42,
[1 0 ],3,5,5,210436,57382,13894,3948,906,282,64,
[1 8 8 3 9 5 1 1 7 0 ],11,5,5,135562,58190,24944,10662,4554,1936,826,350,152,66,
[1 0 ],3,5,5,278956,32438,3768,460,68,
[2 9 4 0 8 1 8 1 3 0 ],11,5,5,123140,17246,2436,360,64,
[3 5 9 9 8 1 0 4 9 0 ],11,5,5,540940,50816,4986,490,64,
[5 1 8 3 9 1 3 1 2 0 ],11,5,5,133244,57174,24510,10468,4474,1898,812,342,150,64,
[1 0 ],3,5,5,259672,31370,3492,448,64,
[2 0 5 4 1 5 0 9 2 0 ],11,5,5,109864,20234,2380,488,64,
[10 14 2 12 3 17 2 3 18 12 15 12 6 7 10 10 12 0 ],19,5,5,179554,10460,664,56,
[15 1 7 12 2 18 13 8 16 13 0 12 11 8 2 7 5 0 ],19,5,5,105092,23518,2168,580,56,
[10 5 13 4 9 13 10 8 3 17 10 15 13 15 0 10 12 0 ],19,5,5,352276,43006,4100,536,64,
[5 18 2 10 3 18 7 18 18 3 8 5 2 11 1 1 10 0 ],19,5,5,200290,11740,690,58,
[14 5 11 12 3 4 4 1 13 4 0 4 14 3 12 14 16 0 ],19,1,1,73304,24648,8120,2760,896,312,98,36,12,6,
[2 0 ],3,1,1,35384,15110,6418,2728,1146,486,200,86,34,16,6,
[1 0 ],3,1,1,66660,28430,12062,5116,2146,906,372,158,62,28,10,6,
[1 0 ],3,1,1,39874,11562,2564,814,158,60,10,6,
[1 8 8 3 9 5 1 1 7 0 ],11,1,1,66660,28430,12062,5116,2146,906,372,158,62,28,10,6,
[1 0 ],3,1,1,88432,12608,1162,180,20,6,
[2 9 4 0 8 1 8 1 3 0 ],11,1,1,66488,7604,1350,148,32,6,
[3 5 9 9 8 1 0 4 9 0 ],11,1,1,26540,2290,252,26,6,
[5 1 8 3 9 1 3 1 2 0 ],11,1,1,66660,28430,12062,5116,2146,906,372,158,62,28,10,6,
[1 0 ],3,1,1,88432,12608,1162,180,20,6,
[2 0 5 4 1 5 0 9 2 0 ],11,1,1,78204,8076,1854,168,48,6,
[10 14 2 12 3 17 2 3 18 12 15 12 6 7 10 10 12 0 ],19,1,1,11886,624,48,6,
[15 1 7 12 2 18 13 8 16 13 0 12 11 8 2 7 5 0 ],19,1,1,78204,8076,1854,168,48,6,
[10 5 13 4 9 13 10 8 3 17 10 15 13 15 0 10 12 0 ],19,1,1,96488,16708,1062,212,16,6,
[5 18 2 10 3 18 7 18 18 3 8 5 2 11 1 1 10 0 ],19,1,1,193544,9862,652,38,6,
[14 5 11 12 3 4 4 1 13 4 0 4 14 3 12 14 16 0 ],19,1,3,50892,16868,5676,1868,636,206,72,24,10,
[2 0 ],3,1,3,39162,16698,7148,3014,1294,532,234,90,44,14,10,
[1 0 ],3,1,3,39162,16698,7148,3014,1294,532,234,90,44,14,10,
[1 0 ],3,1,3,46116,19746,8450,3596,1534,646,276,114,50,20,10,
[1 0 ],3,1,3,35084,3838,480,56,10,
[2 9 4 0 8 1 8 1 3 0 ],11,1,3,181464,19796,3686,372,80,10,
[3 5 9 9 8 1 0 4 9 0 ],11,1,3,159250,37966,11016,2446,778,152,58,10,
[1 8 8 3 9 5 1 1 7 0 ],11,1,3,75692,7486,696,74,10,
[5 1 8 3 9 1 3 1 2 0 ],11,1,3,46116,19746,8450,3596,1534,646,276,114,50,20,10,
[1 0 ],3,1,3,35084,3838,480,56,10,
[2 0 5 4 1 5 0 9 2 0 ],11,1,3,158504,17392,3722,364,92,10,
[10 14 2 12 3 17 2 3 18 12 15 12 6 7 10 10 12 0 ],19,1,3,24698,1732,92,10,
[15 1 7 12 2 18 13 8 16 13 0 12 11 8 2 7 5 0 ],19,1,3,102380,14620,2318,328,56,10,
[10 5 13 4 9 13 10 8 3 17 10 15 13 15 0 10 12 0 ],19,1,3,52356,7526,596,96,10,
[5 18 2 10 3 18 7 18 18 3 8 5 2 11 1 1 10 0 ],19,1,3,31022,1862,108,10,
[14 5 11 12 3 4 4 1 13 4 0 4 14 3 12 14 16 0 ],19,1,5,82180,27468,9124,3060,1012,342,112,40,14,
[2 0 ],3,1,5,63802,27430,11784,5046,2162,920,394,166,72,30,14,
[1 0 ],3,1,5,30478,13086,5628,2402,1034,436,190,78,36,14,
[1 0 ],3,1,5,57560,6514,780,92,14,
[2 9 4 0 8 1 8 1 3 0 ],11,1,5,263336,30564,5302,580,112,14,
[3 5 9 9 8 1 0 4 9 0 ],11,1,5,139168,37442,9238,2560,606,178,40,14,
[1 8 8 3 9 5 1 1 7 0 ],11,1,5,122456,11482,1128,110,14,
[5 1 8 3 9 1 3 1 2 0 ],11,1,5,33526,14388,6210,2642,1148,478,214,84,42,14,
[1 0 ],3,1,5,55964,5710,768,80,14,
[2 0 5 4 1 5 0 9 2 0 ],11,1,5,63802,27430,11784,5046,2162,920,394,166,72,30,14,
[1 0 ],3,1,5,182680,23936,4186,524,100,14,
[10 14 2 12 3 17 2 3 18 12 15 12 6 7 10 10 12 0 ],19,1,5,53530,2900,196,14,
[15 1 7 12 2 18 13 8 16 13 0 12 11 8 2 7 5 0 ],19,1,5,238804,26708,5590,560,136,14,
[10 5 13 4 9 13 10 8 3 17 10 15 13 15 0 10 12 0 ],19,1,5,83108,11526,948,144,14,
[5 18 2 10 3 18 7 18 18 3 8 5 2 11 1 1 10 0 ],19,1,5,55042,3082,188,14,
[14 5 11 12 3 4 4 1 13 4 0 4 14 3 12 14 16 0 ],19,3,1,24648,8120,2760,896,312,98,36,12,6,
[2 0 ],3,3,1,86878,36916,15634,6586,2764,1150,478,196,82,34,16,
[1 0 ],3,3,1,86878,36916,15634,6586,2764,1150,478,196,82,34,16,
[1 0 ],3,3,1,88432,12608,1162,180,20,6,
[2 9 4 0 8 1 8 1 3 0 ],11,3,1,108872,15292,2162,316,56,16,
[3 5 9 9 8 1 0 4 9 0 ],11,3,1,152906,39436,10286,2638,692,178,50,16,
[1 8 8 3 9 5 1 1 7 0 ],11,3,1,82008,8070,768,90,18,
[5 1 8 3 9 1 3 1 2 0 ],11,3,1,86878,36916,15634,6586,2764,1150,478,196,82,34,16,
[1 0 ],3,3,1,374616,41016,5094,564,84,18,
[2 0 5 4 1 5 0 9 2 0 ],11,3,1,28430,12062,5116,2146,906,372,158,62,28,10,6,
[1 0 ],3,3,1,22080,5304,450,132,12,6,
[10 14 2 12 3 17 2 3 18 12 15 12 6 7 10 10 12 0 ],19,3,1,32454,1860,132,18,
[15 1 7 12 2 18 13 8 16 13 0 12 11 8 2 7 5 0 ],19,3,1,178488,21456,4158,468,108,18,
[10 5 13 4 9 13 10 8 3 17 10 15 13 15 0 10 12 0 ],19,3,1,59916,8114,700,112,18,
[5 18 2 10 3 18 7 18 18 3 8 5 2 11 1 1 10 0 ],19,3,1,193544,9862,652,38,6,
[14 5 11 12 3 4 4 1 13 4 0 4 14 3 12 14 16 0 ],19,3,3,115832,38408,12920,4256,1448,470,164,56,24,
[2 0 ],3,3,3,68382,29256,12534,5322,2280,954,414,168,78,30,
[1 0 ],3,3,3,63016,26938,11518,4888,2086,874,376,154,70,28,
[1 0 ],3,3,3,113232,15534,1500,228,30,
[2 9 4 0 8 1 8 1 3 0 ],11,3,3,305720,38252,6114,748,136,24,
[3 5 9 9 8 1 0 4 9 0 ],11,3,3,82744,22002,5510,1496,366,106,28,
[1 8 8 3 9 5 1 1 7 0 ],11,3,3,198918,18060,1848,180,28,
[5 1 8 3 9 1 3 1 2 0 ],11,3,3,68382,29256,12534,5322,2280,954,414,168,78,30,
[1 0 ],3,3,3,61896,6966,852,108,22,
[2 0 5 4 1 5 0 9 2 0 ],11,3,3,52284,22302,9486,4020,1698,714,300,126,54,24,
[1 0 ],3,3,3,351176,43360,8126,940,200,28,
[10 14 2 12 3 17 2 3 18 12 15 12 6 7 10 10 12 0 ],19,3,3,82106,4696,308,28,
[15 1 7 12 2 18 13 8 16 13 0 12 11 8 2 7 5 0 ],19,3,3,102380,14620,2318,328,56,10,
[10 5 13 4 9 13 10 8 3 17 10 15 13 15 0 10 12 0 ],19,3,3,116524,13650,1372,176,26,
[5 18 2 10 3 18 7 18 18 3 8 5 2 11 1 1 10 0 ],19,3,3,89636,5006,314,28,
[14 5 11 12 3 4 4 1 13 4 0 4 14 3 12 14 16 0 ],19,3,5,71804,23924,7988,2660,890,296,104,38,
[2 0 ],3,3,5,88386,37956,16302,6966,2988,1266,546,228,102,42,
[1 0 ],3,3,5,78384,33606,14418,6144,2634,1110,480,198,90,36,
[1 0 ],3,3,5,141360,16734,1908,240,36,
[2 9 4 0 8 1 8 1 3 0 ],11,3,5,76652,12130,1484,256,38,
[3 5 9 9 8 1 0 4 9 0 ],11,3,5,126576,35496,8268,2472,528,180,36,
[1 8 8 3 9 5 1 1 7 0 ],11,3,5,346374,33648,3180,324,40,
[5 1 8 3 9 1 3 1 2 0 ],11,3,5,77654,33320,14270,6098,2600,1106,470,200,86,38,
[1 0 ],3,3,5,151800,17670,2052,252,38,
[2 0 5 4 1 5 0 9 2 0 ],11,3,5,80702,34622,14852,6338,2714,1148,494,206,92,38,
[1 0 ],3,3,5,70808,14902,1484,364,38,
[10 14 2 12 3 17 2 3 18 12 15 12 6 7 10 10 12 0 ],19,3,5,130154,8056,476,40,
[15 1 7 12 2 18 13 8 16 13 0 12 11 8 2 7 5 0 ],19,3,5,56448,9054,1260,216,36,
[10 5 13 4 9 13 10 8 3 17 10 15 13 15 0 10 12 0 ],19,3,5,142380,15186,1692,192,30,
[5 18 2 10 3 18 7 18 18 3 8 5 2 11 1 1 10 0 ],19,3,5,122806,6826,424,34,
[14 5 11 12 3 4 4 1 13 4 0 4 14 3 12 14 16 0 ],19,5,1,57788,19316,6428,2156,716,242,80,32,14,
[2 0 ],3,5,1,28430,12062,5116,2146,906,372,158,62,28,10,6,
[1 0 ],3,5,1,55792,6482,780,112,28,
[2 9 4 0 8 1 8 1 3 0 ],11,5,1,33384,6180,630,132,16,6,
[3 5 9 9 8 1 0 4 9 0 ],11,5,1,152906,39436,10286,2638,692,178,50,16,
[1 8 8 3 9 5 1 1 7 0 ],11,5,1,57432,5472,546,66,16,
[5 1 8 3 9 1 3 1 2 0 ],11,5,1,36916,15634,6586,2764,1150,478,196,82,34,16,
[1 0 ],3,5,1,39420,4290,552,72,18,
[2 0 5 4 1 5 0 9 2 0 ],11,5,1,138372,58722,24850,10444,4382,1814,756,306,130,52,26,
[1 0 ],3,5,1,36916,15634,6586,2764,1150,478,196,82,34,16,
[1 0 ],3,5,1,198472,25520,4594,572,124,26,
[10 14 2 12 3 17 2 3 18 12 15 12 6 7 10 10 12 0 ],19,5,1,8682,612,36,6,
[15 1 7 12 2 18 13 8 16 13 0 12 11 8 2 7 5 0 ],19,5,1,98188,12140,2290,272,64,14,
[10 5 13 4 9 13 10 8 3 17 10 15 13 15 0 10 12 0 ],19,5,1,21604,3526,244,48,6,
[5 18 2 10 3 18 7 18 18 3 8 5 2 11 1 1 10 0 ],19,5,1,35306,1976,134,18,
[14 5 11 12 3 4 4 1 13 4 0 4 14 3 12 14 16 0 ],19,5,3,82744,27720,9184,3096,1018,348,120,48,
[2 0 ],3,5,3,93236,39774,16974,7180,3058,1274,548,222,102,40,
[1 0 ],3,5,3,148888,18794,2004,280,44,
[2 9 4 0 8 1 8 1 3 0 ],11,5,3,41500,5842,828,128,26,
[3 5 9 9 8 1 0 4 9 0 ],11,5,3,119594,33134,7840,2294,506,168,38,
[1 8 8 3 9 5 1 1 7 0 ],11,5,3,326920,31034,3024,310,46,
[5 1 8 3 9 1 3 1 2 0 ],11,5,3,94094,40218,17112,7282,3070,1304,542,234,96,46,
[1 0 ],3,5,3,145696,17186,1980,256,44,
[2 0 5 4 1 5 0 9 2 0 ],11,5,3,100190,42822,18276,7762,3298,1388,590,246,108,46,
[1 0 ],3,5,3,84092,35868,15228,6460,2716,1148,476,204,84,40,
[1 0 ],3,5,3,63284,10894,1400,268,44,
[10 14 2 12 3 17 2 3 18 12 15 12 6 7 10 10 12 0 ],19,5,3,105878,5944,404,40,
[15 1 7 12 2 18 13 8 16 13 0 12 11 8 2 7 5 0 ],19,5,3,14620,2318,328,56,10,
[10 5 13 4 9 13 10 8 3 17 10 15 13 15 0 10 12 0 ],19,5,3,239060,31934,2756,408,48,
[5 18 2 10 3 18 7 18 18 3 8 5 2 11 1 1 10 0 ],19,5,3,148250,8150,520,46,
[14 5 11 12 3 4 4 1 13 4 0 4 14 3 12 14 16 0 ],19,5,5,128592,42704,14328,4736,1602,524,188,66,
[2 0 ],3,5,5,261268,32174,3504,460,64,
[2 9 4 0 8 1 8 1 3 0 ],11,5,5,67308,11234,1292,240,34,
[3 5 9 9 8 1 0 4 9 0 ],11,5,5,228388,64202,14906,4476,950,326,64,
[1 8 8 3 9 5 1 1 7 0 ],11,5,5,59210,5658,568,70,
[5 1 8 3 9 1 3 1 2 0 ],11,5,5,121052,51966,22182,9508,4018,1730,716,318,126,64,
[1 0 ],3,5,5,250828,31238,3360,448,62,
[2 0 5 4 1 5 0 9 2 0 ],11,5,5,70700,30272,12968,5516,2360,992,428,176,80,32,
[1 0 ],3,5,5,91732,15326,2032,368,58,
[10 14 2 12 3 17 2 3 18 12 15 12 6 7 10 10 12 0 ],19,5,5,234010,13844,856,68,
[15 1 7 12 2 18 13 8 16 13 0 12 11 8 2 7 5 0 ],19,5,5,115908,21870,2496,528,66,
[10 5 13 4 9 13 10 8 3 17 10 15 13 15 0 10 12 0 ],19,5,5,349140,47166,4004,592,62,
[5 18 2 10 3 18 7 18 18 3 8 5 2 11 1 1 10 0 ],19,5,5,155438,66732,28722,12250,5284,2222,974,396,186,70,
[1 0 ],3,5,5,211730,11780,730,58,
[14 5 11 12 3 4 4 1 13 4 0 4 14 3 12 14 16 0 ],19,5,5,123972,53110,22774,9692,4154,1746,756,310,142,56,
[1 0 ],3,1,1,73304,24648,8120,2760,896,312,98,36,12,6,
[2 0 ],3,1,1,143092,14204,1966,192,32,6,
[2 9 4 0 8 1 8 1 3 0 ],11,1,1,33384,6180,630,132,16,6,
[3 5 9 9 8 1 0 4 9 0 ],11,1,1,86360,20538,5974,1320,422,82,32,6,
[1 8 8 3 9 5 1 1 7 0 ],11,1,1,27734,2890,258,32,6,
[5 1 8 3 9 1 3 1 2 0 ],11,1,1,66660,28430,12062,5116,2146,906,372,158,62,28,10,6,
[1 0 ],3,1,1,88432,12608,1162,180,20,6,
[2 0 5 4 1 5 0 9 2 0 ],11,1,1,35384,15110,6418,2728,1146,486,200,86,34,16,6,
[1 0 ],3,1,1,78204,8076,1854,168,48,6,
[10 14 2 12 3 17 2 3 18 12 15 12 6 7 10 10 12 0 ],19,1,1,11886,624,48,6,
[15 1 7 12 2 18 13 8 16 13 0 12 11 8 2 7 5 0 ],19,1,1,78204,8076,1854,168,48,6,
[10 5 13 4 9 13 10 8 3 17 10 15 13 15 0 10 12 0 ],19,1,1,96488,16708,1062,212,16,6,
[5 18 2 10 3 18 7 18 18 3 8 5 2 11 1 1 10 0 ],19,1,1,35384,15110,6418,2728,1146,486,200,86,34,16,6,
[1 0 ],3,1,1,12722,662,48,6,
[14 5 11 12 3 4 4 1 13 4 0 4 14 3 12 14 16 0 ],19,1,1,35384,15110,6418,2728,1146,486,200,86,34,16,6,
[1 0 ],3,1,3,55936,18720,6208,2088,688,234,76,28,10,
[2 0 ],3,1,3,35084,3838,480,56,10,
[2 9 4 0 8 1 8 1 3 0 ],11,1,3,82152,15524,1526,324,32,10,
[3 5 9 9 8 1 0 4 9 0 ],11,1,3,75692,7486,696,74,10,
[5 1 8 3 9 1 3 1 2 0 ],11,1,3,60024,25842,11054,4760,2014,874,360,162,62,32,10,
[1 0 ],3,1,3,159250,37966,11016,2446,778,152,58,10,
[1 8 8 3 9 5 1 1 7 0 ],11,1,3,36680,4642,492,68,10,
[2 0 5 4 1 5 0 9 2 0 ],11,1,3,39162,16698,7148,3014,1294,532,234,90,44,14,10,
[1 0 ],3,1,3,158504,17392,3722,364,92,10,
[10 14 2 12 3 17 2 3 18 12 15 12 6 7 10 10 12 0 ],19,1,3,24698,1732,92,10,
[15 1 7 12 2 18 13 8 16 13 0 12 11 8 2 7 5 0 ],19,1,3,158504,17392,3722,364,92,10,
[10 5 13 4 9 13 10 8 3 17 10 15 13 15 0 10 12 0 ],19,1,3,52356,7526,596,96,10,
[5 18 2 10 3 18 7 18 18 3 8 5 2 11 1 1 10 0 ],19,1,3,53070,22794,9752,4178,1774,760,318,138,56,26,10,
[1 0 ],3,1,3,31022,1862,108,10,
[14 5 11 12 3 4 4 1 13 4 0 4 14 3 12 14 16 0 ],19,1,3,60024,25842,11054,4760,2014,874,360,162,62,32,10,
[1 0 ],3,1,5,72092,23764,8060,2620,908,286,104,32,14,
[2 0 ],3,1,5,57560,6514,780,92,14,
[2 9 4 0 8 1 8 1 3 0 ],11,1,5,164024,26292,3142,532,64,14,
[3 5 9 9 8 1 0 4 9 0 ],11,1,5,122456,11482,1128,110,14,
[5 1 8 3 9 1 3 1 2 0 ],11,1,5,56848,24382,10482,4464,1922,806,352,142,66,24,14,
[1 0 ],3,1,5,46418,12648,3066,870,200,62,14,
[1 8 8 3 9 5 1 1 7 0 ],11,1,5,59156,7318,792,104,14,
[2 0 5 4 1 5 0 9 2 0 ],11,1,5,30478,13086,5628,2402,1034,436,190,78,36,14,
[1 0 ],3,1,5,126556,21164,2782,488,64,14,
[10 14 2 12 3 17 2 3 18 12 15 12 6 7 10 10 12 0 ],19,1,5,40714,2852,148,14,
[15 1 7 12 2 18 13 8 16 13 0 12 11 8 2 7 5 0 ],19,1,5,182680,23936,4186,524,100,14,
[10 5 13 4 9 13 10 8 3 17 10 15 13 15 0 10 12 0 ],19,1,5,88004,13990,980,176,14,
[5 18 2 10 3 18 7 18 18 3 8 5 2 11 1 1 10 0 ],19,1,5,36574,15690,6792,2882,1262,520,238,90,48,14,
[1 0 ],3,1,5,55042,3082,188,14,
[14 5 11 12 3 4 4 1 13 4 0 4 14 3 12 14 16 0 ],19,1,5,33526,14388,6210,2642,1148,478,214,84,42,14,
[1 0 ],3,3,1,68388,22764,7620,2532,852,282,96,36,16,
[2 0 ],3,3,1,247740,28980,3354,408,60,16,
[2 9 4 0 8 1 8 1 3 0 ],11,3,1,66488,7604,1350,148,32,6,
[3 5 9 9 8 1 0 4 9 0 ],11,3,1,27734,2890,258,32,6,
[5 1 8 3 9 1 3 1 2 0 ],11,3,1,86878,36916,15634,6586,2764,1150,478,196,82,34,16,
[1 0 ],3,3,1,86360,20538,5974,1320,422,82,32,6,
[1 8 8 3 9 5 1 1 7 0 ],11,3,1,247740,28980,3354,408,60,16,
[2 0 5 4 1 5 0 9 2 0 ],11,3,1,28430,12062,5116,2146,906,372,158,62,28,10,6,
[1 0 ],3,3,1,22080,5304,450,132,12,6,
[10 14 2 12 3 17 2 3 18 12 15 12 6 7 10 10 12 0 ],19,3,1,21242,1288,92,16,
[15 1 7 12 2 18 13 8 16 13 0 12 11 8 2 7 5 0 ],19,3,1,122364,18684,2754,432,72,18,
[10 5 13 4 9 13 10 8 3 17 10 15 13 15 0 10 12 0 ],19,3,1,21604,3526,244,48,6,
[5 18 2 10 3 18 7 18 18 3 8 5 2 11 1 1 10 0 ],19,3,1,35384,15110,6418,2728,1146,486,200,86,34,16,6,
[1 0 ],3,3,1,193544,9862,652,38,6,
[14 5 11 12 3 4 4 1 13 4 0 4 14 3 12 14 16 0 ],19,3,1,86878,36916,15634,6586,2764,1150,478,196,82,34,16,
[1 0 ],3,3,3,125920,42112,13984,4696,1552,526,172,64,24,
[2 0 ],3,3,3,87564,11250,1176,168,26,
[2 9 4 0 8 1 8 1 3 0 ],11,3,3,345768,50844,6738,1020,144,30,
[3 5 9 9 8 1 0 4 9 0 ],11,3,3,175536,16062,1632,162,26,
[5 1 8 3 9 1 3 1 2 0 ],11,3,3,53872,23032,9772,4168,1744,748,304,136,52,28,
[1 0 ],3,3,3,70066,19554,4580,1358,294,100,22,
[1 8 8 3 9 5 1 1 7 0 ],11,3,3,84372,9642,1152,144,26,
[2 0 5 4 1 5 0 9 2 0 ],11,3,3,65334,27954,11952,5082,2166,912,390,162,72,30,
[1 0 ],3,3,3,351176,43360,8126,940,200,28,
[10 14 2 12 3 17 2 3 18 12 15 12 6 7 10 10 12 0 ],19,3,3,45266,2968,176,22,
[15 1 7 12 2 18 13 8 16 13 0 12 11 8 2 7 5 0 ],19,3,3,307140,43860,6954,984,168,30,
[10 5 13 4 9 13 10 8 3 17 10 15 13 15 0 10 12 0 ],19,3,3,139244,19346,1596,248,28,
[5 18 2 10 3 18 7 18 18 3 8 5 2 11 1 1 10 0 ],19,3,3,22794,9752,4178,1774,760,318,138,56,26,10,
[1 0 ],3,3,3,107366,5636,374,30,
[14 5 11 12 3 4 4 1 13 4 0 4 14 3 12 14 16 0 ],19,3,3,22794,9752,4178,1774,760,318,138,56,26,10,
[1 0 ],3,3,5,74996,25244,8300,2828,914,320,104,42,
[2 0 ],3,3,5,162240,18606,2196,264,40,
[2 9 4 0 8 1 8 1 3 0 ],11,3,5,76652,12130,1484,256,38,
[3 5 9 9 8 1 0 4 9 0 ],11,3,5,346374,33648,3180,324,40,
[5 1 8 3 9 1 3 1 2 0 ],11,3,5,94482,40560,17466,7446,3216,1350,594,240,114,42,
[1 0 ],3,3,5,157730,46542,10096,3310,618,248,38,
[1 8 8 3 9 5 1 1 7 0 ],11,3,5,134112,17406,1788,252,34,
[2 0 5 4 1 5 0 9 2 0 ],11,3,5,76066,32590,13984,5950,2554,1072,466,190,88,34,
[1 0 ],3,3,5,59220,10458,1296,252,36,
[10 14 2 12 3 17 2 3 18 12 15 12 6 7 10 10 12 0 ],19,3,5,109334,6388,404,34,
[15 1 7 12 2 18 13 8 16 13 0 12 11 8 2 7 5 0 ],19,3,5,80124,16770,1680,408,42,
[10 5 13 4 9 13 10 8 3 17 10 15 13 15 0 10 12 0 ],19,3,5,244428,32114,2812,400,42,
[5 18 2 10 3 18 7 18 18 3 8 5 2 11 1 1 10 0 ],19,3,5,74606,32018,13688,5858,2486,1064,446,194,80,38,
[1 0 ],3,3,5,159406,9226,544,42,
[14 5 11 12 3 4 4 1 13 4 0 4 14 3 12 14 16 0 ],19,3,5,94482,40560,17466,7446,3216,1350,594,240,114,42,
[1 0 ],3,5,1,24648,8120,2760,896,312,98,36,12,6,
[2 0 ],3,5,1,18540,2418,264,48,14,
[2 9 4 0 8 1 8 1 3 0 ],11,5,1,66488,7604,1350,148,32,6,
[3 5 9 9 8 1 0 4 9 0 ],11,5,1,57432,5472,546,66,16,
[5 1 8 3 9 1 3 1 2 0 ],11,5,1,92244,39234,16650,7020,2958,1230,516,210,90,36,18,
[1 0 ],3,5,1,39874,11562,2564,814,158,60,10,6,
[1 8 8 3 9 5 1 1 7 0 ],11,5,1,14204,1966,192,32,6,
[2 0 5 4 1 5 0 9 2 0 ],11,5,1,56404,23834,10010,4188,1734,718,292,122,50,24,
[1 0 ],3,5,1,222648,32064,5058,732,132,30,
[10 14 2 12 3 17 2 3 18 12 15 12 6 7 10 10 12 0 ],19,5,1,41810,2524,176,28,
[15 1 7 12 2 18 13 8 16 13 0 12 11 8 2 7 5 0 ],19,5,1,98188,12140,2290,272,64,14,
[10 5 13 4 9 13 10 8 3 17 10 15 13 15 0 10 12 0 ],19,5,1,55020,5650,668,80,18,
[5 18 2 10 3 18 7 18 18 3 8 5 2 11 1 1 10 0 ],19,5,1,36730,2080,150,26,
[14 5 11 12 3 4 4 1 13 4 0 4 14 3 12 14 16 0 ],19,5,1,28430,12062,5116,2146,906,372,158,62,28,10,6,
[1 0 ],3,5,1,150692,64088,27168,11460,4816,2008,836,344,144,60,28,
[1 0 ],3,5,3,233260,77444,25996,8588,2908,950,328,112,46,
[2 0 ],3,5,3,121624,13706,1668,208,40,
[2 9 4 0 8 1 8 1 3 0 ],11,5,3,59956,8270,1204,184,40,
[3 5 9 9 8 1 0 4 9 0 ],11,5,3,257968,25640,2382,262,40,
[5 1 8 3 9 1 3 1 2 0 ],11,5,3,100190,42822,18276,7762,3298,1388,590,246,108,46,
[1 0 ],3,5,3,149700,40624,9896,2788,648,200,48,
[1 8 8 3 9 5 1 1 7 0 ],11,5,3,166576,19058,2268,280,48,
[2 0 5 4 1 5 0 9 2 0 ],11,5,3,101778,43552,18562,7910,3344,1422,594,256,106,50,
[1 0 ],3,5,3,451460,56740,10430,1240,260,40,
[10 14 2 12 3 17 2 3 18 12 15 12 6 7 10 10 12 0 ],19,5,3,137910,8184,516,48,
[15 1 7 12 2 18 13 8 16 13 0 12 11 8 2 7 5 0 ],19,5,3,72100,13934,1552,344,46,
[10 5 13 4 9 13 10 8 3 17 10 15 13 15 0 10 12 0 ],19,5,3,234164,29470,2724,376,48,
[5 18 2 10 3 18 7 18 18 3 8 5 2 11 1 1 10 0 ],19,5,3,133380,7530,470,44,
[14 5 11 12 3 4 4 1 13 4 0 4 14 3 12 14 16 0 ],19,5,3,97872,41806,17842,7568,3218,1350,576,238,106,44,
[1 0 ],3,5,3,65334,27954,11952,5082,2166,912,390,162,72,30,
[1 0 ],3,5,5,117992,39256,13136,4360,1466,484,172,62,
[2 0 ],3,5,5,287800,32570,3900,460,70,
[2 9 4 0 8 1 8 1 3 0 ],11,5,5,142852,21470,2788,448,70,
[3 5 9 9 8 1 0 4 9 0 ],11,5,5,52616,5004,508,64,
[5 1 8 3 9 1 3 1 2 0 ],11,5,5,233662,68574,14988,4866,922,364,58,
[1 8 8 3 9 5 1 1 7 0 ],11,5,5,225160,26954,3036,388,58,
[2 0 5 4 1 5 0 9 2 0 ],11,5,5,92506,39488,16826,7134,3024,1270,538,224,98,42,
[1 0 ],3,5,5,147024,63112,27124,11576,4976,2100,912,376,172,68,
[1 0 ],3,5,5,118680,23274,2532,564,66,
[10 14 2 12 3 17 2 3 18 12 15 12 6 7 10 10 12 0 ],19,5,5,184358,11008,680,58,
[15 1 7 12 2 18 13 8 16 13 0 12 11 8 2 7 5 0 ],19,5,5,106592,20002,2300,484,62,
[10 5 13 4 9 13 10 8 3 17 10 15 13 15 0 10 12 0 ],19,5,5,366964,50398,4196,632,64,
[5 18 2 10 3 18 7 18 18 3 8 5 2 11 1 1 10 0 ],19,5,5,132526,7996,454,38,
[14 5 11 12 3 4 4 1 13 4 0 4 14 3 12 14 16 0 ],19,5,5,129466,55586,23780,10182,4326,1852,778,338,140,66,
[1 0 ],3,5,5,127148,54570,23346,9988,4246,1814,764,330,138,64,
[1 0 ],3,1,1,73304,24648,8120,2760,896,312,98,36,12,6,
[2 0 ],3,1,1,143092,14204,1966,192,32,6,
[2 9 4 0 8 1 8 1 3 0 ],11,1,1,66488,7604,1350,148,32,6,
[3 5 9 9 8 1 0 4 9 0 ],11,1,1,26540,2290,252,26,6,
[5 1 8 3 9 1 3 1 2 0 ],11,1,1,86360,20538,5974,1320,422,82,32,6,
[1 8 8 3 9 5 1 1 7 0 ],11,1,1,143092,14204,1966,192,32,6,
[2 0 5 4 1 5 0 9 2 0 ],11,1,1,35384,15110,6418,2728,1146,486,200,86,34,16,6,
[1 0 ],3,1,1,66660,28430,12062,5116,2146,906,372,158,62,28,10,6,
[1 0 ],3,1,1,78204,8076,1854,168,48,6,
[10 14 2 12 3 17 2 3 18 12 15 12 6 7 10 10 12 0 ],19,1,1,11886,624,48,6,
[15 1 7 12 2 18 13 8 16 13 0 12 11 8 2 7 5 0 ],19,1,1,78204,8076,1854,168,48,6,
[10 5 13 4 9 13 10 8 3 17 10 15 13 15 0 10 12 0 ],19,1,1,288648,21604,3526,244,48,6,
[5 18 2 10 3 18 7 18 18 3 8 5 2 11 1 1 10 0 ],19,1,1,193544,9862,652,38,6,
[14 5 11 12 3 4 4 1 13 4 0 4 14 3 12 14 16 0 ],19,1,1,35384,15110,6418,2728,1146,486,200,86,34,16,6,
[1 0 ],3,1,1,66660,28430,12062,5116,2146,906,372,158,62,28,10,6,
[1 0 ],3,1,3,60980,20572,6740,2308,740,262,80,32,10,
[2 0 ],3,1,3,35084,3838,480,56,10,
[2 9 4 0 8 1 8 1 3 0 ],11,1,3,115256,16948,2246,340,48,10,
[3 5 9 9 8 1 0 4 9 0 ],11,1,3,75692,7486,696,74,10,
[5 1 8 3 9 1 3 1 2 0 ],11,1,3,66278,20014,4196,1434,250,108,14,10,
[1 8 8 3 9 5 1 1 7 0 ],11,1,3,36680,4642,492,68,10,
[2 0 5 4 1 5 0 9 2 0 ],11,1,3,46116,19746,8450,3596,1534,646,276,114,50,20,10,
[1 0 ],3,1,3,46116,19746,8450,3596,1534,646,276,114,50,20,10,
[1 0 ],3,1,3,158504,17392,3722,364,92,10,
[10 14 2 12 3 17 2 3 18 12 15 12 6 7 10 10 12 0 ],19,1,3,27902,1744,104,10,
[15 1 7 12 2 18 13 8 16 13 0 12 11 8 2 7 5 0 ],19,1,3,46256,11848,914,292,20,10,
[10 5 13 4 9 13 10 8 3 17 10 15 13 15 0 10 12 0 ],19,1,3,47460,5062,564,64,10,
[5 18 2 10 3 18 7 18 18 3 8 5 2 11 1 1 10 0 ],19,1,3,31022,1862,108,10,
[14 5 11 12 3 4 4 1 13 4 0 4 14 3 12 14 16 0 ],19,1,3,39162,16698,7148,3014,1294,532,234,90,44,14,10,
[1 0 ],3,1,3,60024,25842,11054,4760,2014,874,360,162,62,32,10,
[1 0 ],3,1,5,77136,25616,8592,2840,960,314,108,36,14,
[2 0 ],3,1,5,55964,5710,768,80,14,
[2 9 4 0 8 1 8 1 3 0 ],11,1,5,164024,26292,3142,532,64,14,
[3 5 9 9 8 1 0 4 9 0 ],11,1,5,122456,11482,1128,110,14,
[5 1 8 3 9 1 3 1 2 0 ],11,1,5,73346,22878,4584,1662,266,128,14,
[1 8 8 3 9 5 1 1 7 0 ],11,1,5,59156,7318,792,104,14,
[2 0 5 4 1 5 0 9 2 0 ],11,1,5,32252,8398,632,208,14,
[10 14 2 12 3 17 2 3 18 12 15 12 6 7 10 10 12 0 ],19,1,5,50326,2888,184,14,
[15 1 7 12 2 18 13 8 16 13 0 12 11 8 2 7 5 0 ],19,1,5,182680,23936,4186,524,100,14,
[10 5 13 4 9 13 10 8 3 17 10 15 13 15 0 10 12 0 ],19,1,5,83108,11526,948,144,14,
[5 18 2 10 3 18 7 18 18 3 8 5 2 11 1 1 10 0 ],19,1,5,63802,27430,11784,5046,2162,920,394,166,72,30,14,
[1 0 ],3,1,5,52182,3072,178,14,
[14 5 11 12 3 4 4 1 13 4 0 4 14 3 12 14 16 0 ],19,1,5,63802,27430,11784,5046,2162,920,394,166,72,30,14,
[1 0 ],3,1,5,30478,13086,5628,2402,1034,436,190,78,36,14,
[1 0 ],3,1,5,30478,13086,5628,2402,1034,436,190,78,36,14,
[1 0 ],3,3,1,24648,8120,2760,896,312,98,36,12,6,
[2 0 ],3,3,1,88432,12608,1162,180,20,6,
[2 9 4 0 8 1 8 1 3 0 ],11,3,1,33384,6180,630,132,16,6,
[3 5 9 9 8 1 0 4 9 0 ],11,3,1,32856,2874,324,42,14,
[5 1 8 3 9 1 3 1 2 0 ],11,3,1,86360,20538,5974,1320,422,82,32,6,
[1 8 8 3 9 5 1 1 7 0 ],11,3,1,247740,28980,3354,408,60,16,
[2 0 5 4 1 5 0 9 2 0 ],11,3,1,78204,8076,1854,168,48,6,
[10 14 2 12 3 17 2 3 18 12 15 12 6 7 10 10 12 0 ],19,3,1,21242,1288,92,16,
[15 1 7 12 2 18 13 8 16 13 0 12 11 8 2 7 5 0 ],19,3,1,178488,21456,4158,468,108,18,
[10 5 13 4 9 13 10 8 3 17 10 15 13 15 0 10 12 0 ],19,3,1,16708,1062,212,16,6,
[5 18 2 10 3 18 7 18 18 3 8 5 2 11 1 1 10 0 ],19,3,1,86878,36916,15634,6586,2764,1150,478,196,82,34,16,
[1 0 ],3,3,1,23296,1366,94,16,
[14 5 11 12 3 4 4 1 13 4 0 4 14 3 12 14 16 0 ],19,3,1,28430,12062,5116,2146,906,372,158,62,28,10,6,
[1 0 ],3,3,1,86878,36916,15634,6586,2764,1150,478,196,82,34,16,
[1 0 ],3,3,1,86878,36916,15634,6586,2764,1150,478,196,82,34,16,
[1 0 ],3,3,3,89588,29660,10004,3284,1124,362,128,44,20,
[2 0 ],3,3,3,96408,11382,1308,168,28,
[2 9 4 0 8 1 8 1 3 0 ],11,3,3,330104,42924,6562,844,144,26,
[3 5 9 9 8 1 0 4 9 0 ],11,3,3,225882,21858,2082,216,30,
[5 1 8 3 9 1 3 1 2 0 ],11,3,3,92244,27190,5902,1932,362,146,24,
[1 8 8 3 9 5 1 1 7 0 ],11,3,3,93216,9774,1284,144,28,
[2 0 5 4 1 5 0 9 2 0 ],11,3,3,307140,43860,6954,984,168,30,
[10 14 2 12 3 17 2 3 18 12 15 12 6 7 10 10 12 0 ],19,3,3,86910,5244,324,30,
[15 1 7 12 2 18 13 8 16 13 0 12 11 8 2 7 5 0 ],19,3,3,146540,25228,3218,592,80,22,
[10 5 13 4 9 13 10 8 3 17 10 15 13 15 0 10 12 0 ],19,3,3,116524,13650,1372,176,26,
[5 18 2 10 3 18 7 18 18 3 8 5 2 11 1 1 10 0 ],19,3,3,56920,24334,10354,4408,1858,790,328,142,58,28,
[1 0 ],3,3,3,68476,3796,244,24,
[14 5 11 12 3 4 4 1 13 4 0 4 14 3 12 14 16 0 ],19,3,3,41552,17666,7454,3152,1310,554,224,98,38,20,
[1 0 ],3,3,3,65334,27954,11952,5082,2166,912,390,162,72,30,
[1 0 ],3,3,3,54602,23318,9920,4214,1778,752,314,134,56,26,
[1 0 ],3,3,5,77104,25648,8584,2848,958,316,112,40,
[2 0 ],3,3,5,154992,19278,2076,276,38,
[2 9 4 0 8 1 8 1 3 0 ],11,3,5,62636,10786,1196,232,32,
[3 5 9 9 8 1 0 4 9 0 ],11,3,5,320604,30450,2952,294,38,
[5 1 8 3 9 1 3 1 2 0 ],11,3,5,135028,37128,8888,2564,576,184,40,
[1 8 8 3 9 5 1 1 7 0 ],11,3,5,132516,16602,1776,240,34,
[2 0 5 4 1 5 0 9 2 0 ],11,3,5,42860,9298,896,232,26,
[10 14 2 12 3 17 2 3 18 12 15 12 6 7 10 10 12 0 ],19,3,5,93318,5268,348,30,
[15 1 7 12 2 18 13 8 16 13 0 12 11 8 2 7 5 0 ],19,3,5,70808,14902,1484,364,38,
[10 5 13 4 9 13 10 8 3 17 10 15 13 15 0 10 12 0 ],19,3,5,211916,21490,2524,264,40,
[5 18 2 10 3 18 7 18 18 3 8 5 2 11 1 1 10 0 ],19,3,5,69240,29700,12672,5424,2292,984,408,180,72,36,
[1 0 ],3,3,5,165126,9246,564,42,
[14 5 11 12 3 4 4 1 13 4 0 4 14 3 12 14 16 0 ],19,3,5,27430,11784,5046,2162,920,394,166,72,30,14,
[1 0 ],3,3,5,71558,30716,13106,5618,2372,1022,422,188,74,38,
[1 0 ],3,3,5,88386,37956,16302,6966,2988,1266,546,228,102,42,
[1 0 ],3,5,1,29692,9972,3292,1116,364,126,40,16,6,
[2 0 ],3,5,1,43756,4742,624,88,26,
[2 9 4 0 8 1 8 1 3 0 ],11,5,1,84488,10620,1714,220,48,14,
[3 5 9 9 8 1 0 4 9 0 ],11,5,1,80814,7470,762,84,18,
[5 1 8 3 9 1 3 1 2 0 ],11,5,1,292342,75762,19640,5082,1318,344,94,30,
[1 8 8 3 9 5 1 1 7 0 ],11,5,1,55792,6482,780,112,28,
[2 0 5 4 1 5 0 9 2 0 ],11,5,1,78204,8076,1854,168,48,6,
[10 14 2 12 3 17 2 3 18 12 15 12 6 7 10 10 12 0 ],19,5,1,41810,2524,176,28,
[15 1 7 12 2 18 13 8 16 13 0 12 11 8 2 7 5 0 ],19,5,1,42064,9368,886,236,28,14,
[10 5 13 4 9 13 10 8 3 17 10 15 13 15 0 10 12 0 ],19,5,1,93332,10238,1124,144,30,
[5 18 2 10 3 18 7 18 18 3 8 5 2 11 1 1 10 0 ],19,5,1,35306,1976,134,18,
[14 5 11 12 3 4 4 1 13 4 0 4 14 3 12 14 16 0 ],19,5,1,42282,17952,7602,3198,1344,558,234,96,42,18,
[1 0 ],3,5,1,35384,15110,6418,2728,1146,486,200,86,34,16,6,
[1 0 ],3,5,1,92244,39234,16650,7020,2958,1230,516,210,90,36,18,
[1 0 ],3,5,1,138372,58722,24850,10444,4382,1814,756,306,130,52,26,
[1 0 ],3,5,3,89896,29976,10000,3336,1114,372,132,50,
[2 0 ],3,5,3,79864,9962,1092,160,32,
[2 9 4 0 8 1 8 1 3 0 ],11,5,3,64228,10430,1252,232,40,
[3 5 9 9 8 1 0 4 9 0 ],11,5,3,257968,25640,2382,262,40,
[5 1 8 3 9 1 3 1 2 0 ],11,5,3,158676,44034,10402,3052,670,222,48,
[1 8 8 3 9 5 1 1 7 0 ],11,5,3,111636,14730,1488,216,30,
[2 0 5 4 1 5 0 9 2 0 ],11,5,3,315036,44652,7158,1008,180,36,
[10 14 2 12 3 17 2 3 18 12 15 12 6 7 10 10 12 0 ],19,5,3,85310,4708,320,28,
[15 1 7 12 2 18 13 8 16 13 0 12 11 8 2 7 5 0 ],19,5,3,43360,8126,940,200,28,
[10 5 13 4 9 13 10 8 3 17 10 15 13 15 0 10 12 0 ],19,5,3,175796,17310,2116,224,42,
[5 18 2 10 3 18 7 18 18 3 8 5 2 11 1 1 10 0 ],19,5,3,127660,7510,450,44,
[14 5 11 12 3 4 4 1 13 4 0 4 14 3 12 14 16 0 ],19,5,3,57650,24620,10502,4454,1892,794,338,140,62,26,
[1 0 ],3,5,3,97142,41520,17694,7522,3184,1346,566,240,102,46,
[1 0 ],3,5,3,87140,37170,15810,6700,2830,1190,500,210,90,40,
[1 0 ],3,5,3,57650,24620,10502,4454,1892,794,338,140,62,26,
[1 0 ],3,5,5,122780,41236,13604,4612,1502,520,172,68,
[2 0 ],3,5,5,261268,32174,3504,460,64,
[2 9 4 0 8 1 8 1 3 0 ],11,5,5,106276,14462,2116,304,58,
[3 5 9 9 8 1 0 4 9 0 ],11,5,5,492982,46220,4548,448,60,
[5 1 8 3 9 1 3 1 2 0 ],11,5,5,189306,53302,12344,3718,786,272,54,
[1 8 8 3 9 5 1 1 7 0 ],11,5,5,268516,31502,3624,448,66,
[2 0 5 4 1 5 0 9 2 0 ],11,5,5,110864,17890,2468,424,68,
[10 14 2 12 3 17 2 3 18 12 15 12 6 7 10 10 12 0 ],19,5,5,205178,12676,752,64,
[15 1 7 12 2 18 13 8 16 13 0 12 11 8 2 7 5 0 ],19,5,5,97276,18134,2104,440,58,
[10 5 13 4 9 13 10 8 3 17 10 15 13 15 0 10 12 0 ],19,5,5,383028,47006,4452,584,68,
[5 18 2 10 3 18 7 18 18 3 8 5 2 11 1 1 10 0 ],19,5,5,269490,15390,920,70,
[14 5 11 12 3 4 4 1 13 4 0 4 14 3 12 14 16 0 ],19,5,5,130926,56158,24076,10274,4394,1860,798,334,148,62,
[1 0 ],3,5,5,120322,51680,22034,9462,3984,1726,706,320,122,66,
[1 0 ],3,5,5,133244,57174,24510,10468,4474,1898,812,342,150,64,
[1 0 ],3,5,5,114098,48918,20880,8926,3778,1616,674,294,120,58,
[1 0 ],3,1,1,73304,24648,8120,2760,896,312,98,36,12,6,
[2 0 ],3,1,1,88432,12608,1162,180,20,6,
[2 9 4 0 8 1 8 1 3 0 ],11,1,1,33384,6180,630,132,16,6,
[3 5 9 9 8 1 0 4 9 0 ],11,1,1,26540,2290,252,26,6,
[5 1 8 3 9 1 3 1 2 0 ],11,1,1,39874,11562,2564,814,158,60,10,6,
[1 8 8 3 9 5 1 1 7 0 ],11,1,1,143092,14204,1966,192,32,6,
[2 0 5 4 1 5 0 9 2 0 ],11,1,1,78204,8076,1854,168,48,6,
[10 14 2 12 3 17 2 3 18 12 15 12 6 7 10 10 12 0 ],19,1,1,11886,624,48,6,
[15 1 7 12 2 18 13 8 16 13 0 12 11 8 2 7 5 0 ],19,1,1,78204,8076,1854,168,48,6,
[10 5 13 4 9 13 10 8 3 17 10 15 13 15 0 10 12 0 ],19,1,1,96488,16708,1062,212,16,6,
[5 18 2 10 3 18 7 18 18 3 8 5 2 11 1 1 10 0 ],19,1,1,193544,9862,652,38,6,
[14 5 11 12 3 4 4 1 13 4 0 4 14 3 12 14 16 0 ],19,1,1,35384,15110,6418,2728,1146,486,200,86,34,16,6,
[1 0 ],3,1,1,35384,15110,6418,2728,1146,486,200,86,34,16,6,
[1 0 ],3,1,1,66660,28430,12062,5116,2146,906,372,158,62,28,10,6,
[1 0 ],3,1,1,66660,28430,12062,5116,2146,906,372,158,62,28,10,6,
[1 0 ],3,1,3,50892,16868,5676,1868,636,206,72,24,10,
[2 0 ],3,1,3,35084,3838,480,56,10,
[2 9 4 0 8 1 8 1 3 0 ],11,1,3,148360,18372,2966,356,64,10,
[3 5 9 9 8 1 0 4 9 0 ],11,1,3,74498,6886,690,68,10,
[5 1 8 3 9 1 3 1 2 0 ],11,1,3,35084,3838,480,56,10,
[2 0 5 4 1 5 0 9 2 0 ],11,1,3,159250,37966,11016,2446,778,152,58,10,
[1 8 8 3 9 5 1 1 7 0 ],11,1,3,102380,14620,2318,328,56,10,
[10 14 2 12 3 17 2 3 18 12 15 12 6 7 10 10 12 0 ],19,1,3,31106,1756,116,10,
[15 1 7 12 2 18 13 8 16 13 0 12 11 8 2 7 5 0 ],19,1,3,158504,17392,3722,364,92,10,
[10 5 13 4 9 13 10 8 3 17 10 15 13 15 0 10 12 0 ],19,1,3,47460,5062,564,64,10,
[5 18 2 10 3 18 7 18 18 3 8 5 2 11 1 1 10 0 ],19,1,3,33882,1872,118,10,
[14 5 11 12 3 4 4 1 13 4 0 4 14 3 12 14 16 0 ],19,1,3,53070,22794,9752,4178,1774,760,318,138,56,26,10,
[1 0 ],3,1,3,39162,16698,7148,3014,1294,532,234,90,44,14,10,
[1 0 ],3,1,3,46116,19746,8450,3596,1534,646,276,114,50,20,10,
[1 0 ],3,1,3,53070,22794,9752,4178,1774,760,318,138,56,26,10,
[1 0 ],3,1,5,82180,27468,9124,3060,1012,342,112,40,14,
[2 0 ],3,1,5,55964,5710,768,80,14,
[2 9 4 0 8 1 8 1 3 0 ],11,1,5,230232,29140,4582,564,96,14,
[3 5 9 9 8 1 0 4 9 0 ],11,1,5,124844,12682,1140,122,14,
[5 1 8 3 9 1 3 1 2 0 ],11,1,5,57560,6514,780,92,14,
[2 0 5 4 1 5 0 9 2 0 ],11,1,5,139168,37442,9238,2560,606,178,40,14,
[1 8 8 3 9 5 1 1 7 0 ],11,1,5,182680,23936,4186,524,100,14,
[10 14 2 12 3 17 2 3 18 12 15 12 6 7 10 10 12 0 ],19,1,5,53530,2900,196,14,
[15 1 7 12 2 18 13 8 16 13 0 12 11 8 2 7 5 0 ],19,1,5,238804,26708,5590,560,136,14,
[10 5 13 4 9 13 10 8 3 17 10 15 13 15 0 10 12 0 ],19,1,5,83108,11526,948,144,14,
[5 18 2 10 3 18 7 18 18 3 8 5 2 11 1 1 10 0 ],19,1,5,52182,3072,178,14,
[14 5 11 12 3 4 4 1 13 4 0 4 14 3 12 14 16 0 ],19,1,5,63802,27430,11784,5046,2162,920,394,166,72,30,14,
[1 0 ],3,1,5,56848,24382,10482,4464,1922,806,352,142,66,24,14,
[1 0 ],3,1,5,63802,27430,11784,5046,2162,920,394,166,72,30,14,
[1 0 ],3,1,5,56848,24382,10482,4464,1922,806,352,142,66,24,14,
[1 0 ],3,3,1,68388,22764,7620,2532,852,282,96,36,16,
[2 0 ],3,3,1,143092,14204,1966,192,32,6,
[2 9 4 0 8 1 8 1 3 0 ],11,3,1,33384,6180,630,132,16,6,
[3 5 9 9 8 1 0 4 9 0 ],11,3,1,27734,2890,258,32,6,
[5 1 8 3 9 1 3 1 2 0 ],11,3,1,247740,28980,3354,408,60,16,
[2 0 5 4 1 5 0 9 2 0 ],11,3,1,152906,39436,10286,2638,692,178,50,16,
[1 8 8 3 9 5 1 1 7 0 ],11,3,1,22080,5304,450,132,12,6,
[10 14 2 12 3 17 2 3 18 12 15 12 6 7 10 10 12 0 ],19,3,1,11886,624,48,6,
[15 1 7 12 2 18 13 8 16 13 0 12 11 8 2 7 5 0 ],19,3,1,122364,18684,2754,432,72,18,
[10 5 13 4 9 13 10 8 3 17 10 15 13 15 0 10 12 0 ],19,3,1,21604,3526,244,48,6,
[5 18 2 10 3 18 7 18 18 3 8 5 2 11 1 1 10 0 ],19,3,1,193544,9862,652,38,6,
[14 5 11 12 3 4 4 1 13 4 0 4 14 3 12 14 16 0 ],19,3,1,86878,36916,15634,6586,2764,1150,478,196,82,34,16,
[1 0 ],3,3,1,35384,15110,6418,2728,1146,486,200,86,34,16,6,
[1 0 ],3,3,1,86878,36916,15634,6586,2764,1150,478,196,82,34,16,
[1 0 ],3,3,1,35384,15110,6418,2728,1146,486,200,86,34,16,6,
[1 0 ],3,3,3,152676,50604,17028,5604,1908,618,216,72,30,
[2 0 ],3,3,3,99600,12990,1332,192,28,
[2 9 4 0 8 1 8 1 3 0 ],11,3,3,330104,42924,6562,844,144,26,
[3 5 9 9 8 1 0 4 9 0 ],11,3,3,152154,14064,1416,144,24,
[5 1 8 3 9 1 3 1 2 0 ],11,3,3,73932,8706,1008,132,24,
[2 0 5 4 1 5 0 9 2 0 ],11,3,3,100696,28822,6522,2024,410,150,28,
[1 8 8 3 9 5 1 1 7 0 ],11,3,3,295052,40588,6722,904,164,28,
[10 14 2 12 3 17 2 3 18 12 15 12 6 7 10 10 12 0 ],19,3,3,74098,4136,280,26,
[15 1 7 12 2 18 13 8 16 13 0 12 11 8 2 7 5 0 ],19,3,3,339088,40088,7894,860,196,26,
[10 5 13 4 9 13 10 8 3 17 10 15 13 15 0 10 12 0 ],19,3,3,108492,15346,1244,200,24,
[5 18 2 10 3 18 7 18 18 3 8 5 2 11 1 1 10 0 ],19,3,3,62756,3776,224,24,
[14 5 11 12 3 4 4 1 13 4 0 4 14 3 12 14 16 0 ],19,3,3,49966,21286,9052,3826,1618,676,286,118,52,22,
[1 0 ],3,3,3,57650,24620,10502,4454,1892,794,338,140,62,26,
[1 0 ],3,3,3,25842,11054,4760,2014,874,360,162,62,32,10,
[1 0 ],3,3,3,51554,22016,9338,3974,1664,710,290,128,50,26,
[1 0 ],3,3,5,66248,22328,7328,2504,806,284,92,38,
[2 0 ],3,3,5,158184,20886,2100,300,38,
[2 9 4 0 8 1 8 1 3 0 ],11,3,5,87420,13746,1692,288,42,
[3 5 9 9 8 1 0 4 9 0 ],11,3,5,364980,33246,3372,318,42,
[5 1 8 3 9 1 3 1 2 0 ],11,3,5,160644,17802,2184,252,40,
[2 0 5 4 1 5 0 9 2 0 ],11,3,5,139778,39722,9084,2782,574,204,38,
[1 8 8 3 9 5 1 1 7 0 ],11,3,5,65264,12094,1412,292,38,
[10 14 2 12 3 17 2 3 18 12 15 12 6 7 10 10 12 0 ],19,3,5,122146,7496,448,38,
[15 1 7 12 2 18 13 8 16 13 0 12 11 8 2 7 5 0 ],19,3,5,80124,16770,1680,408,42,
[10 5 13 4 9 13 10 8 3 17 10 15 13 15 0 10 12 0 ],19,3,5,226604,28882,2620,360,40,
[5 18 2 10 3 18 7 18 18 3 8 5 2 11 1 1 10 0 ],19,3,5,138246,8016,474,38,
[14 5 11 12 3 4 4 1 13 4 0 4 14 3 12 14 16 0 ],19,3,5,85338,36654,15720,6726,2874,1224,522,222,96,42,
[1 0 ],3,3,5,89116,38242,16450,7012,3022,1270,556,226,106,40,
[1 0 ],3,3,5,79242,34050,14556,6246,2646,1140,474,210,84,42,
[1 0 ],3,3,5,69240,29700,12672,5424,2292,984,408,180,72,36,
[1 0 ],3,5,1,24648,8120,2760,896,312,98,36,12,6,
[2 0 ],3,5,1,12608,1162,180,20,6,
[2 9 4 0 8 1 8 1 3 0 ],11,5,1,208744,29076,4142,596,104,28,
[3 5 9 9 8 1 0 4 9 0 ],11,5,1,63748,6056,618,82,24,
[5 1 8 3 9 1 3 1 2 0 ],11,5,1,28980,3354,408,60,16,
[2 0 5 4 1 5 0 9 2 0 ],11,5,1,152906,39436,10286,2638,692,178,50,16,
[1 8 8 3 9 5 1 1 7 0 ],11,5,1,78204,8076,1854,168,48,6,
[10 14 2 12 3 17 2 3 18 12 15 12 6 7 10 10 12 0 ],19,5,1,32454,1860,132,18,
[15 1 7 12 2 18 13 8 16 13 0 12 11 8 2 7 5 0 ],19,5,1,78204,8076,1854,168,48,6,
[10 5 13 4 9 13 10 8 3 17 10 15 13 15 0 10 12 0 ],19,5,1,42092,4882,508,72,16,
[5 18 2 10 3 18 7 18 18 3 8 5 2 11 1 1 10 0 ],19,5,1,12722,662,48,6,
[14 5 11 12 3 4 4 1 13 4 0 4 14 3 12 14 16 0 ],19,5,1,138372,58722,24850,10444,4382,1814,756,306,130,52,26,
[1 0 ],3,5,1,150692,64088,27168,11460,4816,2008,836,344,144,60,28,
[1 0 ],3,5,1,86878,36916,15634,6586,2764,1150,478,196,82,34,16,
[1 0 ],3,5,1,35384,15110,6418,2728,1146,486,200,86,34,16,6,
[1 0 ],3,5,3,77444,25996,8588,2908,950,328,112,46,
[2 0 ],3,5,3,35084,3838,480,56,10,
[2 9 4 0 8 1 8 1 3 0 ],11,5,3,72148,10606,1428,232,44,
[3 5 9 9 8 1 0 4 9 0 ],11,5,3,376072,36230,3468,358,50,
[5 1 8 3 9 1 3 1 2 0 ],11,5,3,99148,11030,1368,172,36,
[2 0 5 4 1 5 0 9 2 0 ],11,5,3,137022,38176,8966,2650,576,194,42,
[1 8 8 3 9 5 1 1 7 0 ],11,5,3,84188,17206,1784,424,50,
[10 14 2 12 3 17 2 3 18 12 15 12 6 7 10 10 12 0 ],19,5,3,126698,7612,476,46,
[15 1 7 12 2 18 13 8 16 13 0 12 11 8 2 7 5 0 ],19,5,3,216340,26238,2532,336,46,
[5 18 2 10 3 18 7 18 18 3 8 5 2 11 1 1 10 0 ],19,5,3,166550,9350,580,50,
[14 5 11 12 3 4 4 1 13 4 0 4 14 3 12 14 16 0 ],19,5,3,475636,63284,10894,1400,268,44,
[10 5 13 4 9 13 10 8 3 17 10 15 13 15 0 10 12 0 ],19,5,3,107874,46156,19726,8390,3572,1506,642,268,118,50,
[1 0 ],3,5,3,92506,39488,16826,7134,3024,1270,538,224,98,42,
[1 0 ],3,5,3,103968,44410,19006,8048,3446,1434,624,250,118,44,
[1 0 ],3,5,3,52284,22302,9486,4020,1698,714,300,126,54,24,
[1 0 ],3,5,5,123548,40852,13796,4516,1550,496,184,62,
[2 0 ],3,5,5,282148,34046,3792,484,68,
[2 9 4 0 8 1 8 1 3 0 ],11,5,5,118468,16798,2340,352,62,
[3 5 9 9 8 1 0 4 9 0 ],11,5,5,59210,5658,568,70,
[5 1 8 3 9 1 3 1 2 0 ],11,5,5,221968,25346,3012,364,58,
[2 0 5 4 1 5 0 9 2 0 ],11,5,5,196710,51378,13192,3466,886,240,66,
[1 8 8 3 9 5 1 1 7 0 ],11,5,5,139084,30758,2872,752,70,
[10 14 2 12 3 17 2 3 18 12 15 12 6 7 10 10 12 0 ],19,5,5,173146,10436,640,56,
[15 1 7 12 2 18 13 8 16 13 0 12 11 8 2 7 5 0 ],19,5,5,352276,43006,4100,536,64,
[5 18 2 10 3 18 7 18 18 3 8 5 2 11 1 1 10 0 ],19,5,5,190570,10570,660,54,
[14 5 11 12 3 4 4 1 13 4 0 4 14 3 12 14 16 0 ],19,5,5,121452,24678,2568,600,66,
[10 5 13 4 9 13 10 8 3 17 10 15 13 15 0 10 12 0 ],19,5,5,117876,50506,21610,9212,3926,1662,708,298,130,56,
[1 0 ],3,5,5,142388,61080,26256,11188,4816,2024,884,360,168,64,
[1 0 ],3,5,5,127148,54570,23346,9988,4246,1814,764,330,138,64,
[1 0 ],3,1,1,73304,24648,8120,2760,896,312,98,36,12,6,
[2 0 ],3,5,5,129338,55428,23790,10126,4348,1826,794,324,150,58,
[1 0 ],3,1,1,143092,14204,1966,192,32,6,
[2 9 4 0 8 1 8 1 3 0 ],11,1,1,66488,7604,1350,148,32,6,
[3 5 9 9 8 1 0 4 9 0 ],11,1,1,27734,2890,258,32,6,
[5 1 8 3 9 1 3 1 2 0 ],11,1,1,143092,14204,1966,192,32,6,
[2 0 5 4 1 5 0 9 2 0 ],11,1,1,86360,20538,5974,1320,422,82,32,6,
[1 8 8 3 9 5 1 1 7 0 ],11,1,1,222984,22080,5304,450,132,12,6,
[10 14 2 12 3 17 2 3 18 12 15 12 6 7 10 10 12 0 ],19,1,1,11886,624,48,6,
[15 1 7 12 2 18 13 8 16 13 0 12 11 8 2 7 5 0 ],19,1,1,96488,16708,1062,212,16,6,
[5 18 2 10 3 18 7 18 18 3 8 5 2 11 1 1 10 0 ],19,1,1,193544,9862,652,38,6,
[14 5 11 12 3 4 4 1 13 4 0 4 14 3 12 14 16 0 ],19,1,1,78204,8076,1854,168,48,6,
[10 5 13 4 9 13 10 8 3 17 10 15 13 15 0 10 12 0 ],19,1,1,35384,15110,6418,2728,1146,486,200,86,34,16,6,
[1 0 ],3,1,1,66660,28430,12062,5116,2146,906,372,158,62,28,10,6,
[1 0 ],3,1,1,66660,28430,12062,5116,2146,906,372,158,62,28,10,6,
[1 0 ],3,1,3,55936,18720,6208,2088,688,234,76,28,10,
[2 0 ],3,1,1,35384,15110,6418,2728,1146,486,200,86,34,16,6,
[1 0 ],3,1,3,36680,4642,492,68,10,
[2 9 4 0 8 1 8 1 3 0 ],11,1,3,148360,18372,2966,356,64,10,
[3 5 9 9 8 1 0 4 9 0 ],11,1,3,75692,7486,696,74,10,
[5 1 8 3 9 1 3 1 2 0 ],11,1,3,36680,4642,492,68,10,
[2 0 5 4 1 5 0 9 2 0 ],11,1,3,66278,20014,4196,1434,250,108,14,10,
[1 8 8 3 9 5 1 1 7 0 ],11,1,3,102380,14620,2318,328,56,10,
[10 14 2 12 3 17 2 3 18 12 15 12 6 7 10 10 12 0 ],19,1,3,31106,1756,116,10,
[15 1 7 12 2 18 13 8 16 13 0 12 11 8 2 7 5 0 ],19,1,3,42564,2598,532,32,10,
[5 18 2 10 3 18 7 18 18 3 8 5 2 11 1 1 10 0 ],19,1,3,31022,1862,108,10,
[14 5 11 12 3 4 4 1 13 4 0 4 14 3 12 14 16 0 ],19,1,3,158504,17392,3722,364,92,10,
[10 5 13 4 9 13 10 8 3 17 10 15 13 15 0 10 12 0 ],19,1,3,46116,19746,8450,3596,1534,646,276,114,50,20,10,
[1 0 ],3,1,3,46116,19746,8450,3596,1534,646,276,114,50,20,10,
[1 0 ],3,1,3,46116,19746,8450,3596,1534,646,276,114,50,20,10,
[1 0 ],3,1,5,77136,25616,8592,2840,960,314,108,36,14,
[2 0 ],3,1,3,46116,19746,8450,3596,1534,646,276,114,50,20,10,
[1 0 ],3,1,5,57560,6514,780,92,14,
[2 9 4 0 8 1 8 1 3 0 ],11,1,5,230232,29140,4582,564,96,14,
[3 5 9 9 8 1 0 4 9 0 ],11,1,5,126038,13282,1146,128,14,
[5 1 8 3 9 1 3 1 2 0 ],11,1,5,57560,6514,780,92,14,
[2 0 5 4 1 5 0 9 2 0 ],11,1,5,55394,16058,3572,1134,222,84,14,
[1 8 8 3 9 5 1 1 7 0 ],11,1,5,238804,26708,5590,560,136,14,
[10 14 2 12 3 17 2 3 18 12 15 12 6 7 10 10 12 0 ],19,1,5,53530,2900,196,14,
[15 1 7 12 2 18 13 8 16 13 0 12 11 8 2 7 5 0 ],19,1,5,68420,4134,852,48,14,
[5 18 2 10 3 18 7 18 18 3 8 5 2 11 1 1 10 0 ],19,1,5,57902,3092,198,14,
[14 5 11 12 3 4 4 1 13 4 0 4 14 3 12 14 16 0 ],19,1,5,182680,23936,4186,524,100,14,
[10 5 13 4 9 13 10 8 3 17 10 15 13 15 0 10 12 0 ],19,1,5,63802,27430,11784,5046,2162,920,394,166,72,30,14,
[1 0 ],3,1,5,33526,14388,6210,2642,1148,478,214,84,42,14,
[1 0 ],3,1,5,33526,14388,6210,2642,1148,478,214,84,42,14,
[1 0 ],3,3,1,29692,9972,3292,1116,364,126,40,16,6,
[2 0 ],3,1,5,63802,27430,11784,5046,2162,920,394,166,72,30,14,
[1 0 ],3,3,1,143092,14204,1966,192,32,6,
[2 9 4 0 8 1 8 1 3 0 ],11,3,1,66488,7604,1350,148,32,6,
[3 5 9 9 8 1 0 4 9 0 ],11,3,1,27734,2890,258,32,6,
[5 1 8 3 9 1 3 1 2 0 ],11,3,1,374616,41016,5094,564,84,18,
[2 0 5 4 1 5 0 9 2 0 ],11,3,1,86360,20538,5974,1320,422,82,32,6,
[1 8 8 3 9 5 1 1 7 0 ],11,3,1,178488,21456,4158,468,108,18,
[10 14 2 12 3 17 2 3 18 12 15 12 6 7 10 10 12 0 ],19,3,1,29250,1848,120,18,
[15 1 7 12 2 18 13 8 16 13 0 12 11 8 2 7 5 0 ],19,3,1,42092,4882,508,72,16,
[5 18 2 10 3 18 7 18 18 3 8 5 2 11 1 1 10 0 ],19,3,1,14146,766,64,14,
[14 5 11 12 3 4 4 1 13 4 0 4 14 3 12 14 16 0 ],19,3,1,22080,5304,450,132,12,6,
[10 5 13 4 9 13 10 8 3 17 10 15 13 15 0 10 12 0 ],19,3,1,86878,36916,15634,6586,2764,1150,478,196,82,34,16,
[1 0 ],3,3,1,86878,36916,15634,6586,2764,1150,478,196,82,34,16,
[1 0 ],3,3,1,92244,39234,16650,7020,2958,1230,516,210,90,36,18,
[1 0 ],3,3,3,142076,47156,15836,5228,1772,578,200,68,28,
[2 0 ],3,3,1,35384,15110,6418,2728,1146,486,200,86,34,16,6,
[1 0 ],3,3,3,85968,10446,1164,156,26,
[2 9 4 0 8 1 8 1 3 0 ],11,3,3,345768,50844,6738,1020,144,30,
[3 5 9 9 8 1 0 4 9 0 ],11,3,3,176730,16662,1638,168,26,
[5 1 8 3 9 1 3 1 2 0 ],11,3,3,94812,10578,1296,156,28,
[2 0 5 4 1 5 0 9 2 0 ],11,3,3,104922,29638,6832,2070,434,152,30,
[1 8 8 3 9 5 1 1 7 0 ],11,3,3,295052,40588,6722,904,164,28,
[10 14 2 12 3 17 2 3 18 12 15 12 6 7 10 10 12 0 ],19,3,3,78902,4684,296,28,
[15 1 7 12 2 18 13 8 16 13 0 12 11 8 2 7 5 0 ],19,3,3,116524,13650,1372,176,26,
[5 18 2 10 3 18 7 18 18 3 8 5 2 11 1 1 10 0 ],19,3,3,31022,1862,108,10,
[14 5 11 12 3 4 4 1 13 4 0 4 14 3 12 14 16 0 ],19,3,3,351176,43360,8126,940,200,28,
[10 5 13 4 9 13 10 8 3 17 10 15 13 15 0 10 12 0 ],19,3,3,49236,21000,8904,3780,1584,672,276,120,48,24,
[1 0 ],3,3,3,25842,11054,4760,2014,874,360,162,62,32,10,
[1 0 ],3,3,3,65334,27954,11952,5082,2166,912,390,162,72,30,
[1 0 ],3,3,5,75252,25116,8364,2796,930,312,108,40,
[2 0 ],3,3,3,57650,24620,10502,4454,1892,794,338,140,62,26,
[1 0 ],3,3,5,142956,17538,1920,252,36,
[2 9 4 0 8 1 8 1 3 0 ],11,3,5,81724,10866,1628,224,42,
[3 5 9 9 8 1 0 4 9 0 ],11,3,5,248070,23256,2292,228,32,
[5 1 8 3 9 1 3 1 2 0 ],11,3,5,154992,19278,2076,276,38,
[2 0 5 4 1 5 0 9 2 0 ],11,3,5,148754,43132,9590,3046,596,226,38,
[1 8 8 3 9 5 1 1 7 0 ],11,3,5,68036,13498,1448,328,38,
[10 14 2 12 3 17 2 3 18 12 15 12 6 7 10 10 12 0 ],19,3,5,112538,6400,416,34,
[15 1 7 12 2 18 13 8 16 13 0 12 11 8 2 7 5 0 ],19,3,5,221708,26418,2588,328,40,
[5 18 2 10 3 18 7 18 18 3 8 5 2 11 1 1 10 0 ],19,3,5,141106,8026,484,38,
[14 5 11 12 3 4 4 1 13 4 0 4 14 3 12 14 16 0 ],19,3,5,34544,5086,788,124,26,
[10 5 13 4 9 13 10 8 3 17 10 15 13 15 0 10 12 0 ],19,3,5,73018,31288,13402,5710,2440,1030,442,184,82,34,
[1 0 ],3,3,5,75336,32304,13836,5904,2520,1068,456,192,84,36,
[1 0 ],3,3,5,83750,35924,15434,6578,2828,1190,518,212,98,38,
[1 0 ],3,5,1,68388,22764,7620,2532,852,282,96,36,16,
[2 0 ],3,3,5,66922,28684,12238,5230,2212,946,394,172,70,34,
[1 0 ],3,5,1,39420,4290,552,72,18,
[2 9 4 0 8 1 8 1 3 0 ],11,5,1,266232,35172,5310,708,128,30,
[3 5 9 9 8 1 0 4 9 0 ],11,5,1,57432,5472,546,66,16,
[5 1 8 3 9 1 3 1 2 0 ],11,5,1,28980,3354,408,60,16,
[2 0 5 4 1 5 0 9 2 0 ],11,5,1,39436,10286,2638,692,178,50,16,
[1 8 8 3 9 5 1 1 7 0 ],11,5,1,22080,5304,450,132,12,6,
[10 14 2 12 3 17 2 3 18 12 15 12 6 7 10 10 12 0 ],19,5,1,29250,1848,120,18,
[15 1 7 12 2 18 13 8 16 13 0 12 11 8 2 7 5 0 ],19,5,1,42092,4882,508,72,16,
[5 18 2 10 3 18 7 18 18 3 8 5 2 11 1 1 10 0 ],19,5,1,45880,2680,180,28,
[14 5 11 12 3 4 4 1 13 4 0 4 14 3 12 14 16 0 ],19,5,1,198472,25520,4594,572,124,26,
[10 5 13 4 9 13 10 8 3 17 10 15 13 15 0 10 12 0 ],19,5,1,99198,42282,17952,7602,3198,1344,558,234,96,42,18,
[1 0 ],3,5,1,133006,56404,23834,10010,4188,1734,718,292,122,50,24,
[1 0 ],3,5,3,90152,29848,10064,3304,1130,364,136,48,
[2 0 ],3,5,1,92244,39234,16650,7020,2958,1230,516,210,90,36,18,
[1 0 ],3,5,1,133006,56404,23834,10010,4188,1734,718,292,122,50,24,
[1 0 ],3,5,3,136852,17054,1848,256,42,
[2 9 4 0 8 1 8 1 3 0 ],11,5,3,64628,8718,1300,192,42,
[3 5 9 9 8 1 0 4 9 0 ],11,5,3,304732,29636,2814,298,44,
[5 1 8 3 9 1 3 1 2 0 ],11,5,3,154540,17318,2112,256,46,
[2 0 5 4 1 5 0 9 2 0 ],11,5,3,82744,22002,5510,1496,366,106,28,
[1 8 8 3 9 5 1 1 7 0 ],11,5,3,68828,13702,1472,340,44,
[10 14 2 12 3 17 2 3 18 12 15 12 6 7 10 10 12 0 ],19,5,3,129902,7624,488,46,
[15 1 7 12 2 18 13 8 16 13 0 12 11 8 2 7 5 0 ],19,5,3,172660,21470,2020,280,40,
[5 18 2 10 3 18 7 18 18 3 8 5 2 11 1 1 10 0 ],19,5,3,74766,4386,264,26,
[14 5 11 12 3 4 4 1 13 4 0 4 14 3 12 14 16 0 ],19,5,3,49404,9762,1056,240,30,
[10 5 13 4 9 13 10 8 3 17 10 15 13 15 0 10 12 0 ],19,5,3,57650,24620,10502,4454,1892,794,338,140,62,26,
[1 0 ],3,5,3,88728,37900,16096,6848,2876,1224,504,220,88,44,
[1 0 ],3,5,5,128080,42960,14200,4800,1570,540,180,70,
[2 0 ],3,5,3,81774,34852,14794,6266,2636,1110,462,196,82,38,
[1 0 ],3,5,3,102508,43838,18710,7956,3378,1426,604,254,110,48,
[1 0 ],3,5,5,270112,32306,3636,460,66,
[2 9 4 0 8 1 8 1 3 0 ],11,5,5,107300,16894,2084,360,56,
[3 5 9 9 8 1 0 4 9 0 ],11,5,5,517558,48818,4770,472,62,
[5 1 8 3 9 1 3 1 2 0 ],11,5,5,246040,28826,3324,412,62,
[2 0 5 4 1 5 0 9 2 0 ],11,5,5,188258,49746,12572,3374,838,236,62,
[1 8 8 3 9 5 1 1 7 0 ],11,5,5,111636,23982,2328,588,60,
[10 14 2 12 3 17 2 3 18 12 15 12 6 7 10 10 12 0 ],19,5,5,240418,13868,880,68,
[15 1 7 12 2 18 13 8 16 13 0 12 11 8 2 7 5 0 ],19,5,5,57022,4132,720,62,
[5 18 2 10 3 18 7 18 18 3 8 5 2 11 1 1 10 0 ],19,5,5,197430,11730,680,58,
[14 5 11 12 3 4 4 1 13 4 0 4 14 3 12 14 16 0 ],19,5,5,133540,27950,2800,680,70,
[10 5 13 4 9 13 10 8 3 17 10 15 13 15 0 10 12 0 ],19,5,5,141658,60794,26108,11142,4782,2020,874,362,164,66,
[1 0 ],3,5,5,131784,56602,24214,10376,4406,1890,792,346,142,68,
[1 0 ],3,1,1,89460,29692,9972,3292,1116,364,126,40,16,6,
[2 0 ],3,5,5,137150,58920,25230,10810,4600,1970,830,360,150,70,
[1 0 ],3,5,5,153120,65716,28288,12056,5204,2184,960,388,184,68,
[1 0 ],3,1,1,143092,14204,1966,192,32,6,
[2 9 4 0 8 1 8 1 3 0 ],11,1,1,33384,6180,630,132,16,6,
[3 5 9 9 8 1 0 4 9 0 ],11,1,1,26540,2290,252,26,6,
[5 1 8 3 9 1 3 1 2 0 ],11,1,1,143092,14204,1966,192,32,6,
[2 0 5 4 1 5 0 9 2 0 ],11,1,1,86360,20538,5974,1320,422,82,32,6,
[1 8 8 3 9 5 1 1 7 0 ],11,1,1,78204,8076,1854,168,48,6,
[10 14 2 12 3 17 2 3 18 12 15 12 6 7 10 10 12 0 ],19,1,1,169488,8682,612,36,6,
[15 1 7 12 2 18 13 8 16 13 0 12 11 8 2 7 5 0 ],19,1,1,288648,21604,3526,244,48,6,
[5 18 2 10 3 18 7 18 18 3 8 5 2 11 1 1 10 0 ],19,1,1,12722,662,48,6,
[14 5 11 12 3 4 4 1 13 4 0 4 14 3 12 14 16 0 ],19,1,1,78204,8076,1854,168,48,6,
[10 5 13 4 9 13 10 8 3 17 10 15 13 15 0 10 12 0 ],19,1,1,66660,28430,12062,5116,2146,906,372,158,62,28,10,6,
[1 0 ],3,1,1,66660,28430,12062,5116,2146,906,372,158,62,28,10,6,
[1 0 ],3,1,3,50892,16868,5676,1868,636,206,72,24,10,
[2 0 ],3,1,1,66660,28430,12062,5116,2146,906,372,158,62,28,10,6,
[1 0 ],3,1,1,66660,28430,12062,5116,2146,906,372,158,62,28,10,6,
[1 0 ],3,1,3,38276,5446,504,80,10,
[2 9 4 0 8 1 8 1 3 0 ],11,1,3,115256,16948,2246,340,48,10,
[3 5 9 9 8 1 0 4 9 0 ],11,1,3,75692,7486,696,74,10,
[5 1 8 3 9 1 3 1 2 0 ],11,1,3,38276,5446,504,80,10,
[2 0 5 4 1 5 0 9 2 0 ],11,1,3,112764,28990,7606,1940,514,130,36,10,
[1 8 8 3 9 5 1 1 7 0 ],11,1,3,158504,17392,3722,364,92,10,
[10 14 2 12 3 17 2 3 18 12 15 12 6 7 10 10 12 0 ],19,1,3,34310,1768,128,10,
[15 1 7 12 2 18 13 8 16 13 0 12 11 8 2 7 5 0 ],19,1,3,47460,5062,564,64,10,
[5 18 2 10 3 18 7 18 18 3 8 5 2 11 1 1 10 0 ],19,1,3,28162,1852,98,10,
[14 5 11 12 3 4 4 1 13 4 0 4 14 3 12 14 16 0 ],19,1,3,158504,17392,3722,364,92,10,
[10 5 13 4 9 13 10 8 3 17 10 15 13 15 0 10 12 0 ],19,1,3,53070,22794,9752,4178,1774,760,318,138,56,26,10,
[1 0 ],3,1,3,46116,19746,8450,3596,1534,646,276,114,50,20,10,
[1 0 ],3,1,5,87224,29320,9656,3280,1064,370,116,44,14,
[2 0 ],3,1,3,46116,19746,8450,3596,1534,646,276,114,50,20,10,
[1 0 ],3,1,3,46116,19746,8450,3596,1534,646,276,114,50,20,10,
[1 0 ],3,1,5,57560,6514,780,92,14,
[2 9 4 0 8 1 8 1 3 0 ],11,1,5,164024,26292,3142,532,64,14,
[3 5 9 9 8 1 0 4 9 0 ],11,1,5,122456,11482,1128,110,14,
[5 1 8 3 9 1 3 1 2 0 ],11,1,5,59156,7318,792,104,14,
[2 0 5 4 1 5 0 9 2 0 ],11,1,5,55394,16058,3572,1134,222,84,14,
[1 8 8 3 9 5 1 1 7 0 ],11,1,5,126556,21164,2782,488,64,14,
[10 14 2 12 3 17 2 3 18 12 15 12 6 7 10 10 12 0 ],19,1,5,50326,2888,184,14,
[15 1 7 12 2 18 13 8 16 13 0 12 11 8 2 7 5 0 ],19,1,5,92900,16454,1012,208,14,
[5 18 2 10 3 18 7 18 18 3 8 5 2 11 1 1 10 0 ],19,1,5,57902,3092,198,14,
[14 5 11 12 3 4 4 1 13 4 0 4 14 3 12 14 16 0 ],19,1,5,238804,26708,5590,560,136,14,
[10 5 13 4 9 13 10 8 3 17 10 15 13 15 0 10 12 0 ],19,1,5,30478,13086,5628,2402,1034,436,190,78,36,14,
[1 0 ],3,1,5,30478,13086,5628,2402,1034,436,190,78,36,14,
[1 0 ],3,3,1,68388,22764,7620,2532,852,282,96,36,16,
[2 0 ],3,1,5,56848,24382,10482,4464,1922,806,352,142,66,24,14,
[1 0 ],3,1,5,56848,24382,10482,4464,1922,806,352,142,66,24,14,
[1 0 ],3,3,1,88432,12608,1162,180,20,6,
[2 9 4 0 8 1 8 1 3 0 ],11,3,1,133256,19964,2610,412,64,18,
[3 5 9 9 8 1 0 4 9 0 ],11,3,1,27734,2890,258,32,6,
[5 1 8 3 9 1 3 1 2 0 ],11,3,1,88432,12608,1162,180,20,6,
[2 0 5 4 1 5 0 9 2 0 ],11,3,1,86360,20538,5974,1320,422,82,32,6,
[1 8 8 3 9 5 1 1 7 0 ],11,3,1,110276,15412,2522,352,68,16,
[10 14 2 12 3 17 2 3 18 12 15 12 6 7 10 10 12 0 ],19,3,1,21242,1288,92,16,
[15 1 7 12 2 18 13 8 16 13 0 12 11 8 2 7 5 0 ],19,3,1,21604,3526,244,48,6,
[5 18 2 10 3 18 7 18 18 3 8 5 2 11 1 1 10 0 ],19,3,1,14146,766,64,14,
[14 5 11 12 3 4 4 1 13 4 0 4 14 3 12 14 16 0 ],19,3,1,22080,5304,450,132,12,6,
[10 5 13 4 9 13 10 8 3 17 10 15 13 15 0 10 12 0 ],19,3,1,86878,36916,15634,6586,2764,1150,478,196,82,34,16,
[1 0 ],3,3,1,28430,12062,5116,2146,906,372,158,62,28,10,6,
[1 0 ],3,3,3,115832,38408,12920,4256,1448,470,164,56,24,
[2 0 ],3,3,1,28430,12062,5116,2146,906,372,158,62,28,10,6,
[1 0 ],3,3,1,28430,12062,5116,2146,906,372,158,62,28,10,6,
[1 0 ],3,3,3,53052,6834,720,108,20,
[2 9 4 0 8 1 8 1 3 0 ],11,3,3,387592,49020,7730,956,168,28,
[3 5 9 9 8 1 0 4 9 0 ],11,3,3,224688,21258,2076,210,30,
[5 1 8 3 9 1 3 1 2 0 ],11,3,3,108444,13122,1464,192,30,
[2 0 5 4 1 5 0 9 2 0 ],11,3,3,109672,32232,7028,2288,432,172,28,
[1 8 8 3 9 5 1 1 7 0 ],11,3,3,238928,37816,5318,868,128,28,
[10 14 2 12 3 17 2 3 18 12 15 12 6 7 10 10 12 0 ],19,3,3,83706,5232,312,30,
[15 1 7 12 2 18 13 8 16 13 0 12 11 8 2 7 5 0 ],19,3,3,134348,16882,1564,216,28,
[5 18 2 10 3 18 7 18 18 3 8 5 2 11 1 1 10 0 ],19,3,3,71906,4376,254,26,
[14 5 11 12 3 4 4 1 13 4 0 4 14 3 12 14 16 0 ],19,3,3,407300,46132,9530,976,236,28,
[10 5 13 4 9 13 10 8 3 17 10 15 13 15 0 10 12 0 ],19,3,3,59968,25636,10936,4648,1972,832,352,148,64,28,
[1 0 ],3,3,3,65334,27954,11952,5082,2166,912,390,162,72,30,
[1 0 ],3,3,5,73656,24456,8208,2712,918,300,108,38,
[2 0 ],3,3,3,68382,29256,12534,5322,2280,954,414,168,78,30,
[1 0 ],3,3,3,54602,23318,9920,4214,1778,752,314,134,56,26,
[1 0 ],3,3,5,151800,17670,2052,252,38,
[2 9 4 0 8 1 8 1 3 0 ],11,3,5,82748,13298,1596,280,40,
[3 5 9 9 8 1 0 4 9 0 ],11,3,5,319410,29850,2946,288,38,
[5 1 8 3 9 1 3 1 2 0 ],11,3,5,160644,17802,2184,252,40,
[2 0 5 4 1 5 0 9 2 0 ],11,3,5,161956,47358,10406,3356,642,250,40,
[1 8 8 3 9 5 1 1 7 0 ],11,3,5,55948,10226,1216,248,34,
[10 14 2 12 3 17 2 3 18 12 15 12 6 7 10 10 12 0 ],19,3,5,136562,8080,500,40,
[15 1 7 12 2 18 13 8 16 13 0 12 11 8 2 7 5 0 ],19,3,5,221708,26418,2588,328,40,
[5 18 2 10 3 18 7 18 18 3 8 5 2 11 1 1 10 0 ],19,3,5,52182,3072,178,14,
[14 5 11 12 3 4 4 1 13 4 0 4 14 3 12 14 16 0 ],19,3,5,74580,13962,1608,336,42,
[10 5 13 4 9 13 10 8 3 17 10 15 13 15 0 10 12 0 ],19,3,5,76924,33034,14122,6052,2566,1102,460,202,82,40,
[1 0 ],3,3,5,73018,31288,13402,5710,2440,1030,442,184,82,34,
[1 0 ],3,5,1,122728,40856,13672,4544,1528,506,172,64,28,
[2 0 ],3,3,5,89116,38242,16450,7012,3022,1270,556,226,106,40,
[1 0 ],3,3,5,89846,38528,16598,7058,3056,1274,566,224,110,38,
[1 0 ],3,5,1,18540,2418,264,48,14,
[2 9 4 0 8 1 8 1 3 0 ],11,5,1,66488,7604,1350,148,32,6,
[3 5 9 9 8 1 0 4 9 0 ],11,5,1,57432,5472,546,66,16,
[5 1 8 3 9 1 3 1 2 0 ],11,5,1,175524,18540,2418,264,48,14,
[2 0 5 4 1 5 0 9 2 0 ],11,5,1,152906,39436,10286,2638,692,178,50,16,
[1 8 8 3 9 5 1 1 7 0 ],11,5,1,78204,8076,1854,168,48,6,
[10 14 2 12 3 17 2 3 18 12 15 12 6 7 10 10 12 0 ],19,5,1,41810,2524,176,28,
[15 1 7 12 2 18 13 8 16 13 0 12 11 8 2 7 5 0 ],19,5,1,59916,8114,700,112,18,
[5 18 2 10 3 18 7 18 18 3 8 5 2 11 1 1 10 0 ],19,5,1,45880,2680,180,28,
[14 5 11 12 3 4 4 1 13 4 0 4 14 3 12 14 16 0 ],19,5,1,142348,22748,3190,536,88,26,
[10 5 13 4 9 13 10 8 3 17 10 15 13 15 0 10 12 0 ],19,5,1,145326,61770,26152,11026,4622,1928,798,330,136,58,26,
[1 0 ],3,5,3,82744,27720,9184,3096,1018,348,120,48,
[2 0 ],3,5,1,36916,15634,6586,2764,1150,478,196,82,34,16,
[1 0 ],3,5,1,150692,64088,27168,11460,4816,2008,836,344,144,60,28,
[1 0 ],3,5,3,161788,16646,2232,244,48,
[2 9 4 0 8 1 8 1 3 0 ],11,5,3,76820,11054,1524,240,46,
[3 5 9 9 8 1 0 4 9 0 ],11,5,3,256774,25040,2376,256,40,
[5 1 8 3 9 1 3 1 2 0 ],11,5,3,169768,20666,2292,304,48,
[2 0 5 4 1 5 0 9 2 0 ],11,5,3,109672,32232,7028,2288,432,172,28,
[1 8 8 3 9 5 1 1 7 0 ],11,5,3,72100,13934,1552,344,46,
[10 14 2 12 3 17 2 3 18 12 15 12 6 7 10 10 12 0 ],19,5,3,125098,7076,472,44,
[15 1 7 12 2 18 13 8 16 13 0 12 11 8 2 7 5 0 ],19,5,1,150692,64088,27168,11460,4816,2008,836,344,144,60,28,
[1 0 ],3,5,3,172660,21470,2020,280,40,
[5 18 2 10 3 18 7 18 18 3 8 5 2 11 1 1 10 0 ],19,5,3,142530,8130,500,46,
[14 5 11 12 3 4 4 1 13 4 0 4 14 3 12 14 16 0 ],19,5,3,52176,11166,1092,276,30,
[10 5 13 4 9 13 10 8 3 17 10 15 13 15 0 10 12 0 ],19,5,3,59968,25636,10936,4648,1972,832,352,148,64,28,
[1 0 ],3,5,5,76848,25776,8520,2880,942,324,108,42,
[2 0 ],3,5,3,110922,47458,20308,8630,3686,1548,666,274,124,50,
[1 0 ],3,5,3,103238,44124,18858,8002,3412,1430,614,252,114,46,
[1 0 ],3,5,5,237196,28694,3192,412,60,
[2 9 4 0 8 1 8 1 3 0 ],11,5,5,129636,16702,2596,344,68,
[3 5 9 9 8 1 0 4 9 0 ],11,5,5,56012,5430,538,68,
[5 1 8 3 9 1 3 1 2 0 ],11,5,5,242848,27218,3300,388,62,
[2 0 5 4 1 5 0 9 2 0 ],11,5,5,148230,41354,9704,2874,622,208,42,
[1 8 8 3 9 5 1 1 7 0 ],11,5,5,104320,17426,2308,416,64,
[10 14 2 12 3 17 2 3 18 12 15 12 6 7 10 10 12 0 ],19,5,5,222798,13272,816,66,
[15 1 7 12 2 18 13 8 16 13 0 12 11 8 2 7 5 0 ],19,5,3,108604,46442,19874,8436,3606,1510,652,266,122,48,
[1 0 ],3,5,5,264916,33470,3076,424,52,
[5 18 2 10 3 18 7 18 18 3 8 5 2 11 1 1 10 0 ],19,5,5,239750,14150,820,66,
[14 5 11 12 3 4 4 1 13 4 0 4 14 3 12 14 16 0 ],19,5,5,127496,26314,2684,640,68,
[10 5 13 4 9 13 10 8 3 17 10 15 13 15 0 10 12 0 ],19,5,5,125560,53840,23060,9840,4200,1780,760,320,140,60,
[1 0 ],3,1,1,89460,29692,9972,3292,1116,364,126,40,16,6,
[2 0 ],3,5,5,144706,62096,26690,11382,4896,2062,898,368,170,66,
[1 0 ],3,5,5,129466,55586,23780,10182,4326,1852,778,338,140,66,
[1 0 ],3,1,1,88432,12608,1162,180,20,6,
[2 9 4 0 8 1 8 1 3 0 ],11,1,1,66488,7604,1350,148,32,6,
[3 5 9 9 8 1 0 4 9 0 ],11,1,1,26540,2290,252,26,6,
[5 1 8 3 9 1 3 1 2 0 ],11,1,1,143092,14204,1966,192,32,6,
[2 0 5 4 1 5 0 9 2 0 ],11,1,1,39874,11562,2564,814,158,60,10,6,
[1 8 8 3 9 5 1 1 7 0 ],11,1,1,222984,22080,5304,450,132,12,6,
[10 14 2 12 3 17 2 3 18 12 15 12 6 7 10 10 12 0 ],19,1,1,169488,8682,612,36,6,
[15 1 7 12 2 18 13 8 16 13 0 12 11 8 2 7 5 0 ],19,5,5,130196,55872,23928,10228,4360,1856,788,336,144,64,
[1 0 ],3,1,1,288648,21604,3526,244,48,6,
[5 18 2 10 3 18 7 18 18 3 8 5 2 11 1 1 10 0 ],19,1,1,193544,9862,652,38,6,
[14 5 11 12 3 4 4 1 13 4 0 4 14 3 12 14 16 0 ],19,1,1,222984,22080,5304,450,132,12,6,
[10 5 13 4 9 13 10 8 3 17 10 15 13 15 0 10 12 0 ],19,1,1,66660,28430,12062,5116,2146,906,372,158,62,28,10,6,
[1 0 ],3,1,3,55936,18720,6208,2088,688,234,76,28,10,
[2 0 ],3,1,1,35384,15110,6418,2728,1146,486,200,86,34,16,6,
[1 0 ],3,1,1,66660,28430,12062,5116,2146,906,372,158,62,28,10,6,
[1 0 ],3,1,3,38276,5446,504,80,10,
[2 9 4 0 8 1 8 1 3 0 ],11,1,3,115256,16948,2246,340,48,10,
[3 5 9 9 8 1 0 4 9 0 ],11,1,3,75692,7486,696,74,10,
[5 1 8 3 9 1 3 1 2 0 ],11,1,3,38276,5446,504,80,10,
[2 0 5 4 1 5 0 9 2 0 ],11,1,3,158504,17392,3722,364,92,10,
[10 14 2 12 3 17 2 3 18 12 15 12 6 7 10 10 12 0 ],19,1,3,31106,1756,116,10,
[15 1 7 12 2 18 13 8 16 13 0 12 11 8 2 7 5 0 ],19,1,3,159250,37966,11016,2446,778,152,58,10,
[1 8 8 3 9 5 1 1 7 0 ],11,1,1,66660,28430,12062,5116,2146,906,372,158,62,28,10,6,
[1 0 ],3,1,3,52356,7526,596,96,10,
[5 18 2 10 3 18 7 18 18 3 8 5 2 11 1 1 10 0 ],19,1,3,33882,1872,118,10,
[14 5 11 12 3 4 4 1 13 4 0 4 14 3 12 14 16 0 ],19,1,3,102380,14620,2318,328,56,10,
[10 5 13 4 9 13 10 8 3 17 10 15 13 15 0 10 12 0 ],19,1,3,53070,22794,9752,4178,1774,760,318,138,56,26,10,
[1 0 ],3,1,5,72092,23764,8060,2620,908,286,104,32,14,
[2 0 ],3,1,3,53070,22794,9752,4178,1774,760,318,138,56,26,10,
[1 0 ],3,1,3,53070,22794,9752,4178,1774,760,318,138,56,26,10,
[1 0 ],3,1,5,60752,8122,804,116,14,
[2 9 4 0 8 1 8 1 3 0 ],11,1,5,230232,29140,4582,564,96,14,
[3 5 9 9 8 1 0 4 9 0 ],11,1,5,123650,12082,1134,116,14,
[5 1 8 3 9 1 3 1 2 0 ],11,1,5,57560,6514,780,92,14,
[2 0 5 4 1 5 0 9 2 0 ],11,1,5,238804,26708,5590,560,136,14,
[10 14 2 12 3 17 2 3 18 12 15 12 6 7 10 10 12 0 ],19,1,5,50326,2888,184,14,
[15 1 7 12 2 18 13 8 16 13 0 12 11 8 2 7 5 0 ],19,1,5,46418,12648,3066,870,200,62,14,
[1 8 8 3 9 5 1 1 7 0 ],11,1,3,46116,19746,8450,3596,1534,646,276,114,50,20,10,
[1 0 ],3,1,5,88004,13990,980,176,14,
[5 18 2 10 3 18 7 18 18 3 8 5 2 11 1 1 10 0 ],19,1,5,52182,3072,178,14,
[14 5 11 12 3 4 4 1 13 4 0 4 14 3 12 14 16 0 ],19,1,5,238804,26708,5590,560,136,14,
[10 5 13 4 9 13 10 8 3 17 10 15 13 15 0 10 12 0 ],19,3,1,68388,22764,7620,2532,852,282,96,36,16,
[2 0 ],3,1,5,63802,27430,11784,5046,2162,920,394,166,72,30,14,
[1 0 ],3,1,5,30478,13086,5628,2402,1034,436,190,78,36,14,
[1 0 ],3,1,5,63802,27430,11784,5046,2162,920,394,166,72,30,14,
[1 0 ],3,3,1,143092,14204,1966,192,32,6,
[2 9 4 0 8 1 8 1 3 0 ],11,3,1,66488,7604,1350,148,32,6,
[3 5 9 9 8 1 0 4 9 0 ],11,3,1,57432,5472,546,66,16,
[5 1 8 3 9 1 3 1 2 0 ],11,3,1,143092,14204,1966,192,32,6,
[2 0 5 4 1 5 0 9 2 0 ],11,3,1,178488,21456,4158,468,108,18,
[10 14 2 12 3 17 2 3 18 12 15 12 6 7 10 10 12 0 ],19,3,1,8682,612,36,6,
[15 1 7 12 2 18 13 8 16 13 0 12 11 8 2 7 5 0 ],19,3,1,166108,43662,11102,2948,738,202,52,18,
[1 8 8 3 9 5 1 1 7 0 ],11,3,1,16708,1062,212,16,6,
[5 18 2 10 3 18 7 18 18 3 8 5 2 11 1 1 10 0 ],19,3,1,12722,662,48,6,
[14 5 11 12 3 4 4 1 13 4 0 4 14 3 12 14 16 0 ],19,3,1,22080,5304,450,132,12,6,
[10 5 13 4 9 13 10 8 3 17 10 15 13 15 0 10 12 0 ],19,1,5,63802,27430,11784,5046,2162,920,394,166,72,30,14,
[1 0 ],3,3,3,167808,56160,18624,6264,2064,702,228,84,30,
[2 0 ],3,3,1,81512,34598,14618,6152,2570,1070,440,182,74,32,14,
[1 0 ],3,3,1,92244,39234,16650,7020,2958,1230,516,210,90,36,18,
[1 0 ],3,3,1,28430,12062,5116,2146,906,372,158,62,28,10,6,
[1 0 ],3,3,3,70740,7098,984,108,24,
[2 9 4 0 8 1 8 1 3 0 ],11,3,3,354488,47596,7010,940,152,28,
[3 5 9 9 8 1 0 4 9 0 ],11,3,3,176730,16662,1638,168,26,
[5 1 8 3 9 1 3 1 2 0 ],11,3,3,73932,8706,1008,132,24,
[2 0 5 4 1 5 0 9 2 0 ],11,3,3,339088,40088,7894,860,196,26,
[10 14 2 12 3 17 2 3 18 12 15 12 6 7 10 10 12 0 ],19,3,3,61282,4088,232,26,
[15 1 7 12 2 18 13 8 16 13 0 12 11 8 2 7 5 0 ],19,3,3,46942,14426,2952,1042,174,80,10,
[1 8 8 3 9 5 1 1 7 0 ],11,3,3,152172,20114,1756,256,30,
[5 18 2 10 3 18 7 18 18 3 8 5 2 11 1 1 10 0 ],19,3,3,33882,1872,118,10,
[14 5 11 12 3 4 4 1 13 4 0 4 14 3 12 14 16 0 ],19,3,3,295052,40588,6722,904,164,28,
[10 5 13 4 9 13 10 8 3 17 10 15 13 15 0 10 12 0 ],19,3,1,35384,15110,6418,2728,1146,486,200,86,34,16,6,
[1 0 ],3,3,5,63056,21008,7016,2336,782,260,92,34,
[2 0 ],3,3,3,22794,9752,4178,1774,760,318,138,56,26,10,
[1 0 ],3,3,3,51554,22016,9338,3974,1664,710,290,128,50,26,
[1 0 ],3,3,3,60698,25922,11084,4694,2006,836,362,146,68,26,
[1 0 ],3,3,5,171084,18738,2328,264,42,
[2 9 4 0 8 1 8 1 3 0 ],11,3,5,73804,10690,1452,224,38,
[3 5 9 9 8 1 0 4 9 0 ],11,3,5,273840,26454,2520,258,34,
[5 1 8 3 9 1 3 1 2 0 ],11,3,5,87564,11250,1176,168,26,
[2 0 5 4 1 5 0 9 2 0 ],11,3,5,379668,63492,8346,1464,192,42,
[10 14 2 12 3 17 2 3 18 12 15 12 6 7 10 10 12 0 ],19,3,5,125350,7508,460,38,
[15 1 7 12 2 18 13 8 16 13 0 12 11 8 2 7 5 0 ],19,3,5,130802,36312,8578,2518,552,182,38,
[1 8 8 3 9 5 1 1 7 0 ],11,3,5,195852,24882,2268,312,36,
[5 18 2 10 3 18 7 18 18 3 8 5 2 11 1 1 10 0 ],19,3,5,150256,8626,514,40,
[14 5 11 12 3 4 4 1 13 4 0 4 14 3 12 14 16 0 ],19,3,5,40588,6722,904,164,28,
[10 5 13 4 9 13 10 8 3 17 10 15 13 15 0 10 12 0 ],19,3,3,65334,27954,11952,5082,2166,912,390,162,72,30,
[1 0 ],3,5,1,122728,40856,13672,4544,1528,506,172,64,28,
[2 0 ],3,3,5,80702,34622,14852,6338,2714,1148,494,206,92,38,
[1 0 ],3,3,5,88386,37956,16302,6966,2988,1266,546,228,102,42,
[1 0 ],3,3,5,83020,35638,15286,6532,2794,1186,508,214,94,40,
[1 0 ],3,5,1,41016,5094,564,84,18,
[2 9 4 0 8 1 8 1 3 0 ],11,5,1,133256,19964,2610,412,64,18,
[3 5 9 9 8 1 0 4 9 0 ],11,5,1,111706,10652,1056,124,28,
[5 1 8 3 9 1 3 1 2 0 ],11,5,1,12608,1162,180,20,6,
[2 0 5 4 1 5 0 9 2 0 ],11,5,1,110276,15412,2522,352,68,16,
[10 14 2 12 3 17 2 3 18 12 15 12 6 7 10 10 12 0 ],19,5,1,21242,1288,92,16,
[15 1 7 12 2 18 13 8 16 13 0 12 11 8 2 7 5 0 ],19,5,1,219452,58334,14598,3956,962,274,68,26,
[1 8 8 3 9 5 1 1 7 0 ],11,5,1,42092,4882,508,72,16,
[5 18 2 10 3 18 7 18 18 3 8 5 2 11 1 1 10 0 ],19,5,1,45880,2680,180,28,
[14 5 11 12 3 4 4 1 13 4 0 4 14 3 12 14 16 0 ],19,5,1,122364,18684,2754,432,72,18,
[10 5 13 4 9 13 10 8 3 17 10 15 13 15 0 10 12 0 ],19,3,5,79972,34336,14704,6292,2680,1144,484,208,88,40,
[1 0 ],3,5,3,121388,40004,13580,4412,1532,482,176,56,26,
[2 0 ],3,5,1,86878,36916,15634,6586,2764,1150,478,196,82,34,16,
[1 0 ],3,5,1,138372,58722,24850,10444,4382,1814,756,306,130,52,26,
[1 0 ],3,5,1,138372,58722,24850,10444,4382,1814,756,306,130,52,26,
[1 0 ],3,5,3,159328,19730,2148,292,46,
[2 9 4 0 8 1 8 1 3 0 ],11,5,3,64628,8718,1300,192,42,
[3 5 9 9 8 1 0 4 9 0 ],11,5,3,280156,27038,2592,274,42,
[5 1 8 3 9 1 3 1 2 0 ],11,5,3,157732,18926,2136,280,46,
[2 0 5 4 1 5 0 9 2 0 ],11,5,3,475636,63284,10894,1400,268,44,
[10 14 2 12 3 17 2 3 18 12 15 12 6 7 10 10 12 0 ],19,5,3,59682,3552,228,24,
[15 1 7 12 2 18 13 8 16 13 0 12 11 8 2 7 5 0 ],19,5,3,141248,38992,9276,2696,600,196,44,
[1 8 8 3 9 5 1 1 7 0 ],11,5,3,180692,19774,2148,256,42,
[5 18 2 10 3 18 7 18 18 3 8 5 2 11 1 1 10 0 ],19,5,3,133380,7530,470,44,
[14 5 11 12 3 4 4 1 13 4 0 4 14 3 12 14 16 0 ],19,5,3,75372,14166,1632,348,48,
[10 5 13 4 9 13 10 8 3 17 10 15 13 15 0 10 12 0 ],19,5,1,92244,39234,16650,7020,2958,1230,516,210,90,36,18,
[1 0 ],3,5,5,117992,39256,13136,4360,1466,484,172,62,
[2 0 ],3,5,3,94094,40218,17112,7282,3070,1304,542,234,96,46,
[1 0 ],3,5,3,105556,45140,19292,8196,3492,1468,628,260,116,48,
[1 0 ],3,5,3,94824,40504,17260,7328,3104,1308,552,232,100,44,
[1 0 ],3,5,5,280552,33242,3780,472,68,
[2 9 4 0 8 1 8 1 3 0 ],11,5,5,76652,12130,1484,256,38,
[3 5 9 9 8 1 0 4 9 0 ],11,5,5,51818,4800,502,62,
[5 1 8 3 9 1 3 1 2 0 ],11,5,5,235600,27890,3180,400,60,
[2 0 5 4 1 5 0 9 2 0 ],11,5,5,98776,14618,2236,344,64,
[10 14 2 12 3 17 2 3 18 12 15 12 6 7 10 10 12 0 ],19,5,5,227602,13820,832,68,
[15 1 7 12 2 18 13 8 16 13 0 12 11 8 2 7 5 0 ],19,5,5,232090,63240,15330,4350,1000,310,70,
[1 8 8 3 9 5 1 1 7 0 ],11,5,5,52094,4068,656,62,
[5 18 2 10 3 18 7 18 18 3 8 5 2 11 1 1 10 0 ],19,5,5,255190,15340,870,70,
[14 5 11 12 3 4 4 1 13 4 0 4 14 3 12 14 16 0 ],19,5,5,116408,20698,2540,496,68,
[10 5 13 4 9 13 10 8 3 17 10 15 13 15 0 10 12 0 ],19,5,3,56920,24334,10354,4408,1858,790,328,142,58,28,
[1 0 ],3,1,1,89460,29692,9972,3292,1116,364,126,40,16,6,
[2 0 ],3,5,5,132514,56888,24362,10422,4440,1894,802,344,146,66,
[1 0 ],3,5,5,124830,53554,22912,9794,4166,1776,750,322,136,62,
[1 0 ],3,5,5,119464,51236,21896,9360,3972,1696,712,308,128,60,
[1 0 ],3,1,1,143092,14204,1966,192,32,6,
[2 9 4 0 8 1 8 1 3 0 ],11,1,1,33384,6180,630,132,16,6,
[3 5 9 9 8 1 0 4 9 0 ],11,1,1,27734,2890,258,32,6,
[5 1 8 3 9 1 3 1 2 0 ],11,1,1,88432,12608,1162,180,20,6,
[2 0 5 4 1 5 0 9 2 0 ],11,1,1,78204,8076,1854,168,48,6,
[10 14 2 12 3 17 2 3 18 12 15 12 6 7 10 10 12 0 ],19,1,1,169488,8682,612,36,6,
[15 1 7 12 2 18 13 8 16 13 0 12 11 8 2 7 5 0 ],19,1,1,86360,20538,5974,1320,422,82,32,6,
[1 8 8 3 9 5 1 1 7 0 ],11,1,1,288648,21604,3526,244,48,6,
[5 18 2 10 3 18 7 18 18 3 8 5 2 11 1 1 10 0 ],19,1,1,12722,662,48,6,
[14 5 11 12 3 4 4 1 13 4 0 4 14 3 12 14 16 0 ],19,1,1,222984,22080,5304,450,132,12,6,
[10 5 13 4 9 13 10 8 3 17 10 15 13 15 0 10 12 0 ],19,5,5,135562,58190,24944,10662,4554,1936,826,350,152,66,
[1 0 ],3,1,3,60980,20572,6740,2308,740,262,80,32,10,
[2 0 ],3,1,1,66660,28430,12062,5116,2146,906,372,158,62,28,10,6,
[1 0 ],3,1,1,35384,15110,6418,2728,1146,486,200,86,34,16,6,
[1 0 ],3,1,1,35384,15110,6418,2728,1146,486,200,86,34,16,6,
[1 0 ],3,1,3,36680,4642,492,68,10,
[2 9 4 0 8 1 8 1 3 0 ],11,1,3,82152,15524,1526,324,32,10,
[3 5 9 9 8 1 0 4 9 0 ],11,1,3,74498,6886,690,68,10,
[5 1 8 3 9 1 3 1 2 0 ],11,1,3,36680,4642,492,68,10,
[2 0 5 4 1 5 0 9 2 0 ],11,1,3,214628,20164,5126,400,128,10,
[10 14 2 12 3 17 2 3 18 12 15 12 6 7 10 10 12 0 ],19,1,3,24698,1732,92,10,
[15 1 7 12 2 18 13 8 16 13 0 12 11 8 2 7 5 0 ],19,1,3,52356,7526,596,96,10,
[5 18 2 10 3 18 7 18 18 3 8 5 2 11 1 1 10 0 ],19,1,3,159250,37966,11016,2446,778,152,58,10,
[1 8 8 3 9 5 1 1 7 0 ],11,1,3,31022,1862,108,10,
[14 5 11 12 3 4 4 1 13 4 0 4 14 3 12 14 16 0 ],19,1,3,46256,11848,914,292,20,10,
[10 5 13 4 9 13 10 8 3 17 10 15 13 15 0 10 12 0 ],19,1,1,35384,15110,6418,2728,1146,486,200,86,34,16,6,
[1 0 ],3,1,5,87224,29320,9656,3280,1064,370,116,44,14,
[2 0 ],3,1,3,60024,25842,11054,4760,2014,874,360,162,62,32,10,
[1 0 ],3,1,3,53070,22794,9752,4178,1774,760,318,138,56,26,10,
[1 0 ],3,1,3,39162,16698,7148,3014,1294,532,234,90,44,14,10,
[1 0 ],3,1,5,57560,6514,780,92,14,
[2 9 4 0 8 1 8 1 3 0 ],11,1,5,164024,26292,3142,532,64,14,
[3 5 9 9 8 1 0 4 9 0 ],11,1,5,121262,10882,1122,104,14,
[5 1 8 3 9 1 3 1 2 0 ],11,1,5,55964,5710,768,80,14,
[2 0 5 4 1 5 0 9 2 0 ],11,1,5,182680,23936,4186,524,100,14,
[10 14 2 12 3 17 2 3 18 12 15 12 6 7 10 10 12 0 ],19,1,5,50326,2888,184,14,
[15 1 7 12 2 18 13 8 16 13 0 12 11 8 2 7 5 0 ],19,1,5,88004,13990,980,176,14,
[5 18 2 10 3 18 7 18 18 3 8 5 2 11 1 1 10 0 ],19,1,5,55394,16058,3572,1134,222,84,14,
[1 8 8 3 9 5 1 1 7 0 ],11,1,5,49322,3062,168,14,
[14 5 11 12 3 4 4 1 13 4 0 4 14 3 12 14 16 0 ],19,1,5,182680,23936,4186,524,100,14,
[10 5 13 4 9 13 10 8 3 17 10 15 13 15 0 10 12 0 ],19,1,3,39162,16698,7148,3014,1294,532,234,90,44,14,10,
[1 0 ],3,3,1,57788,19316,6428,2156,716,242,80,32,14,
[2 0 ],3,1,5,36574,15690,6792,2882,1262,520,238,90,48,14,
[1 0 ],3,1,5,63802,27430,11784,5046,2162,920,394,166,72,30,14,
[1 0 ],3,1,5,63802,27430,11784,5046,2162,920,394,166,72,30,14,
[1 0 ],3,3,1,88432,12608,1162,180,20,6,
[2 9 4 0 8 1 8 1 3 0 ],11,3,1,33384,6180,630,132,16,6,
[3 5 9 9 8 1 0 4 9 0 ],11,3,1,57432,5472,546,66,16,
[5 1 8 3 9 1 3 1 2 0 ],11,3,1,247740,28980,3354,408,60,16,
[2 0 5 4 1 5 0 9 2 0 ],11,3,1,22080,5304,450,132,12,6,
[10 14 2 12 3 17 2 3 18 12 15 12 6 7 10 10 12 0 ],19,3,1,8682,612,36,6,
[15 1 7 12 2 18 13 8 16 13 0 12 11 8 2 7 5 0 ],19,3,1,42092,4882,508,72,16,
[5 18 2 10 3 18 7 18 18 3 8 5 2 11 1 1 10 0 ],19,3,1,166108,43662,11102,2948,738,202,52,18,
[1 8 8 3 9 5 1 1 7 0 ],11,3,1,32446,1966,124,18,
[14 5 11 12 3 4 4 1 13 4 0 4 14 3 12 14 16 0 ],19,3,1,122364,18684,2754,432,72,18,
[10 5 13 4 9 13 10 8 3 17 10 15 13 15 0 10 12 0 ],19,1,5,63802,27430,11784,5046,2162,920,394,166,72,30,14,
[1 0 ],3,3,3,120876,40260,13452,4476,1500,498,168,60,24,
[2 0 ],3,3,1,28430,12062,5116,2146,906,372,158,62,28,10,6,
[1 0 ],3,3,1,92244,39234,16650,7020,2958,1230,516,210,90,36,18,
[1 0 ],3,3,1,92244,39234,16650,7020,2958,1230,516,210,90,36,18,
[1 0 ],3,3,3,72336,7902,996,120,24,
[2 9 4 0 8 1 8 1 3 0 ],11,3,3,181464,19796,3686,372,80,10,
[3 5 9 9 8 1 0 4 9 0 ],11,3,3,74498,6886,690,68,10,
[5 1 8 3 9 1 3 1 2 0 ],11,3,3,108444,13122,1464,192,30,
[2 0 5 4 1 5 0 9 2 0 ],11,3,3,395212,42860,9298,896,232,26,
[10 14 2 12 3 17 2 3 18 12 15 12 6 7 10 10 12 0 ],19,3,3,82106,4696,308,28,
[15 1 7 12 2 18 13 8 16 13 0 12 11 8 2 7 5 0 ],19,3,3,126316,18578,1436,240,26,
[5 18 2 10 3 18 7 18 18 3 8 5 2 11 1 1 10 0 ],19,3,3,87494,24596,5706,1714,364,126,26,
[1 8 8 3 9 5 1 1 7 0 ],11,3,3,31022,1862,108,10,
[14 5 11 12 3 4 4 1 13 4 0 4 14 3 12 14 16 0 ],19,3,3,327000,36816,7662,780,192,24,
[10 5 13 4 9 13 10 8 3 17 10 15 13 15 0 10 12 0 ],19,3,1,92244,39234,16650,7020,2958,1230,516,210,90,36,18,
[1 0 ],3,3,5,75252,25116,8364,2796,930,312,108,40,
[2 0 ],3,3,3,65334,27954,11952,5082,2166,912,390,162,72,30,
[1 0 ],3,3,3,59968,25636,10936,4648,1972,832,352,148,64,28,
[1 0 ],3,3,3,19746,8450,3596,1534,646,276,114,50,20,10,
[1 0 ],3,3,5,120480,14862,1620,216,32,
[2 9 4 0 8 1 8 1 3 0 ],11,3,5,81324,12578,1580,264,40,
[3 5 9 9 8 1 0 4 9 0 ],11,3,5,32850,2976,318,38,
[5 1 8 3 9 1 3 1 2 0 ],11,3,5,151800,17670,2052,252,38,
[2 0 5 4 1 5 0 9 2 0 ],11,3,5,70808,14902,1484,364,38,
[10 14 2 12 3 17 2 3 18 12 15 12 6 7 10 10 12 0 ],19,3,5,141366,8628,516,42,
[15 1 7 12 2 18 13 8 16 13 0 12 11 8 2 7 5 0 ],19,3,5,216812,23954,2556,296,40,
[5 18 2 10 3 18 7 18 18 3 8 5 2 11 1 1 10 0 ],19,3,5,144004,40538,9394,2828,598,206,40,
[1 8 8 3 9 5 1 1 7 0 ],11,3,5,150256,8626,514,40,
[14 5 11 12 3 4 4 1 13 4 0 4 14 3 12 14 16 0 ],19,3,5,80124,16770,1680,408,42,
[10 5 13 4 9 13 10 8 3 17 10 15 13 15 0 10 12 0 ],19,3,3,22794,9752,4178,1774,760,318,138,56,26,10,
[1 0 ],3,5,1,68388,22764,7620,2532,852,282,96,36,16,
[2 0 ],3,3,5,91434,39258,16884,7206,3102,1308,570,234,108,42,
[1 0 ],3,3,5,88386,37956,16302,6966,2988,1266,546,228,102,42,
[1 0 ],3,3,5,88386,37956,16302,6966,2988,1266,546,228,102,42,
[1 0 ],3,5,1,12608,1162,180,20,6,
[2 9 4 0 8 1 8 1 3 0 ],11,5,1,108872,15292,2162,316,56,16,
[3 5 9 9 8 1 0 4 9 0 ],11,5,1,57432,5472,546,66,16,
[5 1 8 3 9 1 3 1 2 0 ],11,5,1,88432,12608,1162,180,20,6,
[2 0 5 4 1 5 0 9 2 0 ],11,5,1,210560,28792,4826,652,128,28,
[10 14 2 12 3 17 2 3 18 12 15 12 6 7 10 10 12 0 ],19,5,1,11886,624,48,6,
[15 1 7 12 2 18 13 8 16 13 0 12 11 8 2 7 5 0 ],19,5,1,62580,6238,772,96,26,
[5 18 2 10 3 18 7 18 18 3 8 5 2 11 1 1 10 0 ],19,5,1,11562,2564,814,158,60,10,6,
[1 8 8 3 9 5 1 1 7 0 ],11,5,1,32446,1966,124,18,
[14 5 11 12 3 4 4 1 13 4 0 4 14 3 12 14 16 0 ],19,5,1,78204,8076,1854,168,48,6,
[10 5 13 4 9 13 10 8 3 17 10 15 13 15 0 10 12 0 ],19,3,5,33526,14388,6210,2642,1148,478,214,84,42,14,
[1 0 ],3,5,3,66844,22548,7396,2532,814,288,96,42,
[2 0 ],3,5,1,35384,15110,6418,2728,1146,486,200,86,34,16,6,
[1 0 ],3,5,1,86878,36916,15634,6586,2764,1150,478,196,82,34,16,
[1 0 ],3,5,1,99198,42282,17952,7602,3198,1344,558,234,96,42,18,
[1 0 ],3,5,3,63492,7770,864,120,22,
[2 9 4 0 8 1 8 1 3 0 ],11,5,3,81492,11502,1620,248,48,
[3 5 9 9 8 1 0 4 9 0 ],11,5,3,227076,22458,2088,222,30,
[5 1 8 3 9 1 3 1 2 0 ],11,5,3,147292,17990,1992,268,44,
[2 0 5 4 1 5 0 9 2 0 ],11,5,3,142714,8732,532,50,
[15 1 7 12 2 18 13 8 16 13 0 12 11 8 2 7 5 0 ],19,5,3,238928,37816,5318,868,128,28,
[10 14 2 12 3 17 2 3 18 12 15 12 6 7 10 10 12 0 ],19,5,3,47460,5062,564,64,10,
[5 18 2 10 3 18 7 18 18 3 8 5 2 11 1 1 10 0 ],19,5,3,110618,29724,7334,2030,484,146,38,
[1 8 8 3 9 5 1 1 7 0 ],11,5,3,124230,6930,440,42,
[14 5 11 12 3 4 4 1 13 4 0 4 14 3 12 14 16 0 ],19,5,3,102380,14620,2318,328,56,10,
[10 5 13 4 9 13 10 8 3 17 10 15 13 15 0 10 12 0 ],19,5,1,138372,58722,24850,10444,4382,1814,756,306,130,52,26,
[1 0 ],3,5,5,141044,46684,15740,5164,1766,568,208,70,
[2 0 ],3,5,3,91776,39202,16678,7088,2990,1266,528,226,94,44,
[1 0 ],3,5,3,68382,29256,12534,5322,2280,954,414,168,78,30,
[1 0 ],3,5,3,104826,44854,19144,8150,3458,1464,618,262,112,50,
[1 0 ],3,5,5,237196,28694,3192,412,60,
[2 9 4 0 8 1 8 1 3 0 ],11,5,5,99780,15006,1956,320,54,
[3 5 9 9 8 1 0 4 9 0 ],11,5,5,491788,45620,4542,442,60,
[5 1 8 3 9 1 3 1 2 0 ],11,5,5,213124,25214,2880,364,56,
[2 0 5 4 1 5 0 9 2 0 ],11,5,5,208382,12688,764,64,
[15 1 7 12 2 18 13 8 16 13 0 12 11 8 2 7 5 0 ],19,5,5,103820,18598,2264,448,62,
[10 14 2 12 3 17 2 3 18 12 15 12 6 7 10 10 12 0 ],19,5,5,383028,47006,4452,584,68,
[5 18 2 10 3 18 7 18 18 3 8 5 2 11 1 1 10 0 ],19,5,5,214662,58198,14204,3994,930,284,66,
[1 8 8 3 9 5 1 1 7 0 ],11,5,5,260340,14790,890,68,
[14 5 11 12 3 4 4 1 13 4 0 4 14 3 12 14 16 0 ],19,5,5,118680,23274,2532,564,66,
[10 5 13 4 9 13 10 8 3 17 10 15 13 15 0 10 12 0 ],19,5,3,100920,43108,18424,7808,3332,1392,600,244,112,44,
[1 0 ],3,1,1,89460,29692,9972,3292,1116,364,126,40,16,6,
[2 0 ],3,5,5,116416,49934,21314,9120,3858,1654,688,302,122,60,
[1 0 ],3,5,5,137150,58920,25230,10810,4600,1970,830,360,150,70,
[1 0 ],3,5,5,145436,62382,26838,11428,4930,2066,908,366,174,64,
[1 0 ],3,1,1,143092,14204,1966,192,32,6,
[2 9 4 0 8 1 8 1 3 0 ],11,1,1,66488,7604,1350,148,32,6,
[3 5 9 9 8 1 0 4 9 0 ],11,1,1,27734,2890,258,32,6,
[5 1 8 3 9 1 3 1 2 0 ],11,1,1,88432,12608,1162,180,20,6,
[2 0 5 4 1 5 0 9 2 0 ],11,1,1,11886,624,48,6,
[15 1 7 12 2 18 13 8 16 13 0 12 11 8 2 7 5 0 ],19,1,1,222984,22080,5304,450,132,12,6,
[10 14 2 12 3 17 2 3 18 12 15 12 6 7 10 10 12 0 ],19,1,1,96488,16708,1062,212,16,6,
[5 18 2 10 3 18 7 18 18 3 8 5 2 11 1 1 10 0 ],19,1,1,39874,11562,2564,814,158,60,10,6,
[1 8 8 3 9 5 1 1 7 0 ],11,1,1,12722,662,48,6,
[14 5 11 12 3 4 4 1 13 4 0 4 14 3 12 14 16 0 ],19,1,1,78204,8076,1854,168,48,6,
[10 5 13 4 9 13 10 8 3 17 10 15 13 15 0 10 12 0 ],19,5,5,156168,67018,28870,12296,5318,2226,984,394,190,68,
[1 0 ],3,1,3,45848,15016,5144,1648,584,178,68,20,10,
[2 0 ],3,1,1,35384,15110,6418,2728,1146,486,200,86,34,16,6,
[1 0 ],3,1,1,66660,28430,12062,5116,2146,906,372,158,62,28,10,6,
[1 0 ],3,1,1,35384,15110,6418,2728,1146,486,200,86,34,16,6,
[1 0 ],3,1,3,35084,3838,480,56,10,
[2 9 4 0 8 1 8 1 3 0 ],11,1,3,148360,18372,2966,356,64,10,
[3 5 9 9 8 1 0 4 9 0 ],11,1,3,75692,7486,696,74,10,
[5 1 8 3 9 1 3 1 2 0 ],11,1,3,35084,3838,480,56,10,
[2 0 5 4 1 5 0 9 2 0 ],11,1,3,27902,1744,104,10,
[15 1 7 12 2 18 13 8 16 13 0 12 11 8 2 7 5 0 ],19,1,3,102380,14620,2318,328,56,10,
[10 14 2 12 3 17 2 3 18 12 15 12 6 7 10 10 12 0 ],19,1,3,52356,7526,596,96,10,
[5 18 2 10 3 18 7 18 18 3 8 5 2 11 1 1 10 0 ],19,1,3,31022,1862,108,10,
[14 5 11 12 3 4 4 1 13 4 0 4 14 3 12 14 16 0 ],19,1,3,159250,37966,11016,2446,778,152,58,10,
[1 8 8 3 9 5 1 1 7 0 ],11,1,3,102380,14620,2318,328,56,10,
[10 5 13 4 9 13 10 8 3 17 10 15 13 15 0 10 12 0 ],19,1,1,66660,28430,12062,5116,2146,906,372,158,62,28,10,6,
[1 0 ],3,1,5,67048,21912,7528,2400,856,258,100,28,14,
[2 0 ],3,1,3,39162,16698,7148,3014,1294,532,234,90,44,14,10,
[1 0 ],3,1,3,53070,22794,9752,4178,1774,760,318,138,56,26,10,
[1 0 ],3,1,3,46116,19746,8450,3596,1534,646,276,114,50,20,10,
[1 0 ],3,1,5,57560,6514,780,92,14,
[2 9 4 0 8 1 8 1 3 0 ],11,1,5,130920,24868,2422,516,48,14,
[3 5 9 9 8 1 0 4 9 0 ],11,1,5,121262,10882,1122,104,14,
[5 1 8 3 9 1 3 1 2 0 ],11,1,5,57560,6514,780,92,14,
[2 0 5 4 1 5 0 9 2 0 ],11,1,5,47122,2876,172,14,
[15 1 7 12 2 18 13 8 16 13 0 12 11 8 2 7 5 0 ],19,1,5,182680,23936,4186,524,100,14,
[10 14 2 12 3 17 2 3 18 12 15 12 6 7 10 10 12 0 ],19,1,5,83108,11526,948,144,14,
[5 18 2 10 3 18 7 18 18 3 8 5 2 11 1 1 10 0 ],19,1,5,55042,3082,188,14,
[14 5 11 12 3 4 4 1 13 4 0 4 14 3 12 14 16 0 ],19,1,5,55394,16058,3572,1134,222,84,14,
[1 8 8 3 9 5 1 1 7 0 ],11,1,5,238804,26708,5590,560,136,14,
[10 5 13 4 9 13 10 8 3 17 10 15 13 15 0 10 12 0 ],19,1,3,60024,25842,11054,4760,2014,874,360,162,62,32,10,
[1 0 ],3,3,1,68388,22764,7620,2532,852,282,96,36,16,
[2 0 ],3,1,5,30478,13086,5628,2402,1034,436,190,78,36,14,
[1 0 ],3,1,5,30478,13086,5628,2402,1034,436,190,78,36,14,
[1 0 ],3,1,5,63802,27430,11784,5046,2162,920,394,166,72,30,14,
[1 0 ],3,3,1,247740,28980,3354,408,60,16,
[2 9 4 0 8 1 8 1 3 0 ],11,3,1,108872,15292,2162,316,56,16,
[3 5 9 9 8 1 0 4 9 0 ],11,3,1,26540,2290,252,26,6,
[5 1 8 3 9 1 3 1 2 0 ],11,3,1,374616,41016,5094,564,84,18,
[2 0 5 4 1 5 0 9 2 0 ],11,3,1,169488,8682,612,36,6,
[15 1 7 12 2 18 13 8 16 13 0 12 11 8 2 7 5 0 ],19,3,1,78204,8076,1854,168,48,6,
[10 14 2 12 3 17 2 3 18 12 15 12 6 7 10 10 12 0 ],19,3,1,42092,4882,508,72,16,
[5 18 2 10 3 18 7 18 18 3 8 5 2 11 1 1 10 0 ],19,3,1,32446,1966,124,18,
[14 5 11 12 3 4 4 1 13 4 0 4 14 3 12 14 16 0 ],19,3,1,152906,39436,10286,2638,692,178,50,16,
[1 8 8 3 9 5 1 1 7 0 ],11,3,1,122364,18684,2754,432,72,18,
[10 5 13 4 9 13 10 8 3 17 10 15 13 15 0 10 12 0 ],19,1,5,56848,24382,10482,4464,1922,806,352,142,66,24,14,
[1 0 ],3,3,3,162764,54308,18092,6044,2012,674,224,80,30,
[2 0 ],3,3,1,35384,15110,6418,2728,1146,486,200,86,34,16,6,
[1 0 ],3,3,1,92244,39234,16650,7020,2958,1230,516,210,90,36,18,
[1 0 ],3,3,1,28430,12062,5116,2146,906,372,158,62,28,10,6,
[1 0 ],3,3,3,87564,11250,1176,168,26,
[2 9 4 0 8 1 8 1 3 0 ],11,3,3,445080,55116,8898,1068,192,30,
[3 5 9 9 8 1 0 4 9 0 ],11,3,3,75692,7486,696,74,10,
[5 1 8 3 9 1 3 1 2 0 ],11,3,3,84372,9642,1152,144,26,
[2 0 5 4 1 5 0 9 2 0 ],11,3,3,70894,4124,268,26,
[15 1 7 12 2 18 13 8 16 13 0 12 11 8 2 7 5 0 ],19,3,3,351176,43360,8126,940,200,28,
[10 14 2 12 3 17 2 3 18 12 15 12 6 7 10 10 12 0 ],19,3,3,129452,14418,1532,184,28,
[5 18 2 10 3 18 7 18 18 3 8 5 2 11 1 1 10 0 ],19,3,3,80486,4406,284,26,
[14 5 11 12 3 4 4 1 13 4 0 4 14 3 12 14 16 0 ],19,3,3,82744,22002,5510,1496,366,106,28,
[1 8 8 3 9 5 1 1 7 0 ],11,3,3,351176,43360,8126,940,200,28,
[10 5 13 4 9 13 10 8 3 17 10 15 13 15 0 10 12 0 ],19,3,1,86878,36916,15634,6586,2764,1150,478,196,82,34,16,
[1 0 ],3,3,5,50860,16900,5668,1876,634,208,76,28,
[2 0 ],3,3,3,54602,23318,9920,4214,1778,752,314,134,56,26,
[1 0 ],3,3,3,63746,27224,11666,4934,2120,878,386,152,74,26,
[1 0 ],3,3,3,46918,19984,8470,3586,1504,634,262,112,46,22,
[1 0 ],3,3,5,167028,21018,2232,300,40,
[2 9 4 0 8 1 8 1 3 0 ],11,3,5,63036,9074,1244,192,34,
[3 5 9 9 8 1 0 4 9 0 ],11,3,5,343986,32448,3168,312,40,
[5 1 8 3 9 1 3 1 2 0 ],11,3,5,118884,14058,1608,204,32,
[2 0 5 4 1 5 0 9 2 0 ],11,3,5,117342,6948,432,36,
[15 1 7 12 2 18 13 8 16 13 0 12 11 8 2 7 5 0 ],19,3,5,64764,13266,1368,324,36,
[10 14 2 12 3 17 2 3 18 12 15 12 6 7 10 10 12 0 ],19,3,5,231500,31346,2652,392,40,
[5 18 2 10 3 18 7 18 18 3 8 5 2 11 1 1 10 0 ],19,3,5,144536,8606,494,40,
[14 5 11 12 3 4 4 1 13 4 0 4 14 3 12 14 16 0 ],19,3,5,152980,43948,9900,3092,620,228,40,
[1 8 8 3 9 5 1 1 7 0 ],11,3,5,26708,5590,560,136,14,
[10 5 13 4 9 13 10 8 3 17 10 15 13 15 0 10 12 0 ],19,3,3,19746,8450,3596,1534,646,276,114,50,20,10,
[1 0 ],3,5,1,84032,28064,9344,3128,1040,350,116,44,18,
[2 0 ],3,3,5,66922,28684,12238,5230,2212,946,394,172,70,34,
[1 0 ],3,3,5,27430,11784,5046,2162,920,394,166,72,30,14,
[1 0 ],3,3,5,97530,41862,18048,7686,3330,1392,618,246,120,42,
[1 0 ],3,5,1,16944,1614,252,36,14,
[2 9 4 0 8 1 8 1 3 0 ],11,5,1,208744,29076,4142,596,104,28,
[3 5 9 9 8 1 0 4 9 0 ],11,5,1,57432,5472,546,66,16,
[5 1 8 3 9 1 3 1 2 0 ],11,5,1,12608,1162,180,20,6,
[2 0 5 4 1 5 0 9 2 0 ],11,5,1,41810,2524,176,28,
[15 1 7 12 2 18 13 8 16 13 0 12 11 8 2 7 5 0 ],19,5,1,210560,28792,4826,652,128,28,
[10 14 2 12 3 17 2 3 18 12 15 12 6 7 10 10 12 0 ],19,5,1,21604,3526,244,48,6,
[5 18 2 10 3 18 7 18 18 3 8 5 2 11 1 1 10 0 ],19,5,1,45880,2680,180,28,
[14 5 11 12 3 4 4 1 13 4 0 4 14 3 12 14 16 0 ],19,5,1,20538,5974,1320,422,82,32,6,
[1 8 8 3 9 5 1 1 7 0 ],11,5,1,110276,15412,2522,352,68,16,
[10 5 13 4 9 13 10 8 3 17 10 15 13 15 0 10 12 0 ],19,3,5,89116,38242,16450,7012,3022,1270,556,226,106,40,
[1 0 ],3,5,3,79296,26528,8808,2960,978,332,116,46,
[2 0 ],3,5,1,150692,64088,27168,11460,4816,2008,836,344,144,60,28,
[1 0 ],3,5,3,142504,15578,1956,232,44,
[2 9 4 0 8 1 8 1 3 0 ],11,5,3,73572,11326,1444,248,44,
[3 5 9 9 8 1 0 4 9 0 ],11,5,3,255580,24440,2370,250,40,
[5 1 8 3 9 1 3 1 2 0 ],11,5,3,132064,14642,1812,220,42,
[2 0 5 4 1 5 0 9 2 0 ],11,5,3,110682,6492,420,42,
[15 1 7 12 2 18 13 8 16 13 0 12 11 8 2 7 5 0 ],19,5,1,150692,64088,27168,11460,4816,2008,836,344,144,60,28,
[1 0 ],3,5,3,46132,9530,976,236,28,
[10 14 2 12 3 17 2 3 18 12 15 12 6 7 10 10 12 0 ],19,5,3,182452,26398,2084,344,40,
[5 18 2 10 3 18 7 18 18 3 8 5 2 11 1 1 10 0 ],19,5,3,139670,8120,490,46,
[14 5 11 12 3 4 4 1 13 4 0 4 14 3 12 14 16 0 ],19,5,3,141772,40770,9162,2868,574,214,40,
[1 8 8 3 9 5 1 1 7 0 ],11,5,1,35384,15110,6418,2728,1146,486,200,86,34,16,6,
[1 0 ],3,5,3,75372,14166,1632,348,48,
[10 5 13 4 9 13 10 8 3 17 10 15 13 15 0 10 12 0 ],19,5,5,112692,37532,12540,4172,1398,464,164,60,
5,1,133006,56404,23834,10010,4188,1734,718,292,122,50,24,
[1 0 ],3,5,3,92506,39488,16826,7134,3024,1270,538,224,98,42,
[1 0 ],3,5,5,229948,29366,3072,424,58,
5,5,115620,15358,2308,320,62,
5,5,57212,5442,550,68,
5,5,285340,35654,3816,508,68,
5,5,238818,13332,876,66,
5,3,59968,25636,10936,4648,1972,832,352,148,64,28,
[1 0 ],3,5,5,121952,23506,2612,568,68,
5,5,308596,38238,3588,480,58,
5,5,236320,13570,810,64,
5,5,197758,54934,12964,3810,834,276,58,
5,3,94094,40218,17112,7282,3070,1304,542,234,96,46,
[1 0 ],3,5,5,100548,18366,2184,444,60,
5,3,55332,23604,10068,4260,1812,756,324,132,60,24,
[1 0 ],3,5,5,130926,56158,24076,10274,4394,1860,798,334,148,62,
5,5,116416,49934,21314,9120,3858,1654,688,302,122,60,
5,5,144706,62096,26690,11382,4896,2062,898,368,170,66,
5,5,128736,55300,23632,10136,4292,1848,768,340,136,68,
